severity,category,address,city,listing_id,page,snippet
HARD,familial,1017 Priory Cir,Winter Garden,3ef46d6f-0b6d-4f38-b474-8cad1d36356b,,"This gorgeous abode boasts a warm and welcoming atmosphere, ideal for families or individuals seeking a quiet and cozy place to call their own."
HARD,familial,1043 Hornbeam St,Oviedo,08b1ccb2-bd7c-4a7e-a19f-b24f33ea7410,,"With its modern features and ideal location, this home is perfect for families and professionals seeking comfort and convenience."
HARD,familial,105 Brierwood Drive,Sanford,6cb0b838-f22f-44f4-b986-f7225162fe93,,"The kitchen features wood cabinetry, abundant storage, a center island, a window seat, and a breakfast bar, ideal for family meals or gatherings."
HARD,familial,1061 Charter Oak Lane,Altamonte Springs,2a0d0989-d9e7-4696-b79d-2a98557f9ff8,,"Additional bedrooms are well-sized and versatile—ideal for family members, guests, or home offices—and are conveniently located near guest bathrooms with matching finishes for a polished look."
HARD,familial,1100 Lake Shadow Circle #2306,Maitland,4a0b4a41-50a5-4865-bb4d-0128a9b1c5aa,,"Perfect for families,  this condo is conveniently located just minutes from I-4, you'll enjoy quick access to Winter Park, downtown Orlando, 408, Altamonte Springs and the vibrant lifestyle that Central Florida has to of"
HARD,familial,1100 Lake Shadow Circle #2306,Maitland,4a0b4a41-50a5-4865-bb4d-0128a9b1c5aa,,"With its combination of family-friendly living, tranquil lake views, and easy access to major roadways, this condo offers the best of both worlds."
HARD,familial,1131 Kersfield Cir,Lake Mary,b35a99b6-7b87-4013-bf8d-b355796c453c,,"Cooking and entertaining are a breeze in the open kitchen space that flows seamlessly into two large living areas, ideal for family gatherings or quiet evenings."
HARD,familial,1165 Paseo De Las Flores Apt C,Casselberry,38b4ec7f-20f1-48dc-bd18-d256294e2b84,,This stunning gem offers a spacious layout is perfect for students or professionals.
HARD,familial,1224 Travertine Terrace,Sanford,252cb2f3-2c1f-40cb-857b-9ec4b6f8dd54,,"Upstairs includes a built-in shelf, ideal for family photos or household trinkets."
HARD,familial,123 W Lake Mary Ave,Lake Mary,a865a579-e790-4f5b-9bd6-b4e051d61ae7,,"The bedrooms offer ample space, making it perfect for families or individuals looking for extra comfort and privacy."
HARD,familial,1250 S Denning Dr Unit 108,Winter Park,be02c8a9-db10-4a7e-9657-003093a9580d,,"This thoughtfully designed floor plan maximizes space and privacy, making it ideal for singles, professionals, or couples."
HARD,familial,1409 Embassy Dr,Clearwater,d6bed114-c0c6-499e-81a2-684cd82967d6,,"This spacious 1226 sq ft residence features 2 comfortable bedrooms and 2 modern bathrooms, perfect for families or professionals."
HARD,familial,1421 Ridgecrest Road,Orlando,7e0da0b3-6be8-4c93-8752-9ab6a799c1b8,,"Zoned for top-rated schools like Blankner K-8 and Boone High School, this home is perfect for families."
HARD,familial,1518 Almond Ave,Orlando,8bdec8c0-35ea-4273-b7f5-cece7f337ae9,,Features an open concept with wood and tile flooring downstairs and Luxury Vinyl Plank flooring upstairs perfect for kids and pets.
HARD,familial,1695 W Lake Mary Blvd,Lake Mary,a70a92f7-1e53-4537-a165-220b40496ceb,,You'll get a great sense of flow and connectivity throughout the home as you're greeted with an open formal dining area and living room that are perfect for family gatherings.
HARD,familial,1714 Morgans Mill Circle,Orlando,e7041842-1fd9-47d3-bdb2-fbd9bbaea586,,"Conveniently located near UCF and Fullsail University, this home is ideal for students and professionals alike."
HARD,familial,1746 Stafford Dr,Orlando,ec2cf846-f4ab-44e9-8fa9-731716baad60,,"This beautifully maintained 4-bedroom, 3-bathroom home offers a spacious and well-designed split floor plan, ideal for families, professionals, or anyone who loves to entertain."
HARD,familial,17973 Frame Bend,Land O Lakes,7cd662ae-2f7d-4e0d-bd24-5e621ac638af,,The spacious living area is perfect for family gatherings and entertaining guests.
HARD,familial,2009 E Jefferson St - A,Orlando,ed1a3fd2-7105-4871-a615-b9f15696c6ff,,"This amazing duplex, leased as a single-family property, features a spacious layout perfect for families, roommates, or anyone who needs an extra living quarters!"
HARD,familial,2019 Canopy Terrace Blvd,Deland,7961f478-1ab6-4dbb-a101-5a6bc3e7760d,,This home provides ample space for a comfortable living experience and is perfect for families or individuals looking for a peaceful place to call home.
HARD,familial,2051 Canopy Terrace Blvd,Deland,2169756e-5004-4ab7-91ab-9ea3b337216b,,This home provides ample space for a comfortable living experience and is perfect for families or individuals looking for a peaceful place to call home.
HARD,familial,2055 Canopy Terrace Blvd,Deland,ba40dc01-9e9a-46ff-b4a9-472800a46451,,This 2 story home provides ample space for a comfortable living experience and is perfect for families or individuals looking for a peaceful place to call home.
HARD,familial,2103 Havasu Falls Drive,Deland,ce051dcc-dd0c-47c4-828a-9191d46c2094,,This home provides ample space for a comfortable living experience and is perfect for families or individuals looking for a peaceful place to call home.
HARD,familial,2104 Canopy Terrace,Deland,3df08ef5-ac1e-465e-8467-88e5400a5aa6,,This home provides ample space for a comfortable living experience and is perfect for families or individuals looking for a peaceful place to call home.
HARD,familial,2141 Canopy Terrace Blvd,Deland,ca112119-805c-4b45-b1b1-a9729e48bdc0,,This home provides ample space for a comfortable living experience and is perfect for families or individuals looking for a peaceful place to call home.
HARD,familial,2221 Canopy Terrace Blvd,Deland,5efb70c2-8404-4ea7-9c7d-b4b936a3d651,,This home provides ample space for a comfortable living experience and is perfect for families or individuals looking for a peaceful place to call home.
HARD,familial,2225 Canopy Terrace Blvd,Deland,f4cf1bb6-a9e2-4f53-94dc-fe41dea29b7b,,This 2 story home provides ample space for a comfortable living experience and is perfect for families or individuals looking for a peaceful place to call home.
HARD,familial,2510 Lauder Dr,Maitland,c6763025-b577-4b80-87af-63ba23f5c3cd,,"Recently remodeled, this beautiful home is located in a family friendly community in close proximity to playgrounds, parks and walking trails."
HARD,familial,2591 Long Pine Ave,Apopka,d7cb0a6b-c611-42a9-b4a1-ad8be5dc1714,,"Located in a family-friendly, growing Apopka neighborhood, you’ll enjoy easy access to Kelly Park, Rock Springs State Park, and Lake Apopka, as well as local shopping and dining options."
HARD,familial,2609 Emerald Lake Ct,Kissimmee,edc9ebb4-fde5-4e0c-8be6-49dd368751ab,,"Located within the highly sought-after, private gated community of Emerald Lake, this home is clean, bright, and absolutely move-in ready—ideal for first-time buyers, empty nesters, or savvy investors!"
HARD,familial,2623 Emerald Lake Ct,Kissimmee,f236093e-f304-42b3-a8f7-55eaab41b8df,,"Located within the highly sought-after, private gated community of Emerald Lake, this home is clean, bright, and absolutely move-in ready—ideal for first-time buyers, empty nesters, or savvy investors!"
HARD,familial,2673 Emerald Lake Ct,Kissimmee,82f32d76-8a49-40ba-ab43-91060a9926cb,,"Located within the highly sought-after, private gated community of Emerald Lake, this home is clean, bright, and absolutely move-in ready—ideal for first-time buyers, empty nesters, or savvy investors!"
HARD,familial,2681 Emerald Lake Ct,Kissimmee,471b12b8-2fb5-4edb-bbc6-da47f2c44177,,"Located within the highly sought-after, private gated community of Emerald Lake, this home is clean, bright, and absolutely move-in ready—ideal for first-time buyers, empty nesters, or savvy investors!"
HARD,familial,2835 Sutton Rd,Lakeland,849e7a94-9042-44bf-a658-5a02a7d1a8ca,,Charming 3-Bedroom Retreat in Lakeland – Perfect for Families!
HARD,familial,299 Drexel Ln,Debary,61e07eca-19f5-4d13-9fdc-b7459e06f97e,,"of well-designed living space, perfect for families or anyone seeking comfort and convenience."
HARD,familial,3042 Green Park Dr,Deland,4a56f22c-a815-4a8b-af0e-955112f17cff,,This 2 story home provides ample space for a comfortable living experience and is perfect for families or individuals looking for a peaceful place to call home.
HARD,familial,3062 Green Park Dr,Deland,8ea34d13-3ffa-48bc-a75d-7c0b900c2338,,This home provides ample space for a comfortable living experience and is perfect for families or individuals looking for a peaceful place to call home.
HARD,familial,35281 Cassis Path,Zephyrhills,86c244d9-3e71-4a32-b3ce-4fe4f89bda8e,,"This newly built, two-story Concord model is perfect for families, with an open-concept design that provides ample room for relaxation and entertaining."
HARD,familial,35281 Cassis Path,Zephyrhills,86c244d9-3e71-4a32-b3ce-4fe4f89bda8e,,"Located in a welcoming, family-friendly neighborhood, future residents will enjoy access to fantastic amenities such as a swimming pool, clubhouse, playground, sports court, and scenic trails."
HARD,familial,35281 Cassis Path,Zephyrhills,86c244d9-3e71-4a32-b3ce-4fe4f89bda8e,,"This newly built, two-story Concord model is perfect for families, with an open-concept design that provides ample room for relaxation and entertaining."
HARD,familial,35281 Cassis Path,Zephyrhills,86c244d9-3e71-4a32-b3ce-4fe4f89bda8e,,"Located in a welcoming, family-friendly neighborhood, future residents will enjoy access to fantastic amenities such as a swimming pool, clubhouse, playground, sports court, and scenic trails."
HARD,familial,3542 Treetop St,Deland,6c5f162e-e82d-41ed-b294-34fb62b0a542,,This home provides ample space for a comfortable living experience and is perfect for families or individuals looking for a peaceful place to call home.
HARD,familial,3703 E North Bay St,Tampa,173627eb-c2ec-42d7-8192-7431c661f03b,,"Each bedroom provides ample space and storage, perfect for families or roommates."
HARD,familial,4761 Willamette Cir,Orlando,47b30088-1927-49d2-96f2-aca5f085daaf,,"Two additional spacious bedrooms share an updated guest bath, perfect for family or guests."
HARD,familial,786 Oak Burl Ct,Sanford,3d7e16b6-0731-43bd-8ae4-28dae01cdb8e,,"The home boasts a large living room, perfect for family gatherings, and a separate formal living room, ideal for hosting guests in style."
HARD,familial,824 Wood Briar Loop,Sanford,b08902fd-59f9-4d01-9a31-b648d222b1a5,,"This beautiful 4-bedroom, 3-bathroom home perfectly balances luxury and comfort, with spacious living areas that are ideal for family gatherings or hosting friends."
HARD,familial,8400 Pippen Dr,Orlando,afa86428-41d9-4664-8658-770b8cfbdb91,,"Upstairs, the 3rd, 4th, and 5th bedrooms each include walk-in closets, with the 3rd and 4th bedrooms connected by a spacious Jack-and-Jill bathroom—perfect for family living or visiting guests."
HARD,familial,869 Brutus Terrace,Lake Mary,33df8001-b35e-4009-9077-5d5ff0ae58b7,,"Upstairs, you’ll find the luxurious master suite with an en-suite bath, plus two additional bedrooms and another full bathroom—ideal for families, roommates, or guests."
HARD,familial,Avenues of Baldwin Park,Orlando,cafe0a37-ded5-4728-a623-9e5a89d6b257,,"of comfortable living  ideal for families, roommates, or anyone who values extra space."
HARD,familial,Case Residences,Tampa,c2642698-3800-47d5-b5aa-5c25473caaa3,,"It's an easy fit for professionals who need a home office or empty nesters hosting visiting family, with room to spare."
HARD,familial,Janie B Apartments,Tampa,16709393-475a-47b5-a932-c731b9c4b725,,The home is in walking distance to dozen of  urban diners and local family friendly hang out spots.
HARD,familial,Mission Club Apartments,Orlando,55635c12-a996-43a7-af65-240b84092d2b,,"of beautifully designed living space, this 3-bedroom, 2-bathroom floor plan is perfect for families, roommates, or anyone who loves to spread out, relax, and enjoy life in style."
HARD,familial,Mission Club Apartments,Orlando,53f167a1-121b-4b9c-a150-b3ad4704dbcf,,"of flexible living space, perfect for families, roommates, or anyone who loves room to live, work, and entertain."
HARD,familial,Napiers Cir.,Orlando,90791133-34e0-4cf8-891a-bbc587b60f09,,"Perfect for students and budget-conscious renters, this home offers:"
HARD,familial,Salisbury Apartments,Deland,34f24df7-a15c-45da-80f4-9305b2279f51,,"Steps from vibrant Downtown DeLand (0.3 miles): award-winning restaurants, boutique shops, live music, Athens Theatre, Museum of Art - DeLand Historic charm all around: enjoy the DeLand Mural Walk, Sculpture Walk, and we"
HARD,familial,The Roberson,Orlando,25ac0fa7-92a5-4b54-94d3-c37c40fe770a,,"- Lifestyle Amenities: The area boasts family-friendly parks, accessible public transit, and walkable streets leading to grocery stores and restaurants."
HARD,familial,The Roberson,Orlando,b2e3ab97-f92c-4c09-a9be-591a86f4dcc6,,"- Lifestyle Amenities: The area boasts family-friendly parks, accessible public transit, and walkable streets leading to grocery stores and restaurants."
HARD,familial,The Roberson,Orlando,3a928e57-6664-49e4-82bb-5c0c2592c7a2,,"- Lifestyle Amenities: The area boasts family-friendly parks, accessible public transit, and walkable streets leading to grocery stores and restaurants."
HARD,familial,Westshore Flats I,Tampa,7da99b99-de7a-4c21-9793-771323d96560,,"Upgraded units include quartz countertops, stainless steel appliances, hardwood-inspired flooring, soaking tubs, and an in-home washer and dryer — comfortable enough for professionals working from home or empty nesters h"
HARD,familial,Westshore Marina Flats,Tampa,d6a331e5-36a6-4c41-8ac5-59d3afaacc4c,,"Upgraded units include quartz countertops, stainless steel appliances, hardwood-inspired flooring, soaking tubs, and an in-home washer and dryer — comfortable enough for professionals working from home or empty nesters h"
HARD,religion,1310 Fairview Avenue,Winter Park,76fac962-2a84-4f36-9a36-60e0368eeb3f,,"Margaret Mary Catholic School, Park Maitland School, Orangewood Christian School, and Trinity Preparatory School."
HARD,religion,Raven Place,Richmond,a49a10dd-3775-4358-8e82-43fff8521312,,"Located in Richmond's vibrant East End, Raven's Place places you just minutes from downtown Richmond, VCU Medical Center, Church Hill, Shockoe Bottom, local restaurants, shopping, and major employers, offering the ideal "
HARD,religion,Raven Place,Richmond,18a41785-b694-4e8f-a257-a6e9ae85af0e,,"Located in the heart of Richmond's historic East End, Raven's Place places you just minutes from downtown Richmond, VCU Medical Center, Church Hill, Shockoe Bottom, and some of the city's best dining, shopping, and enter"
HARD,religion,Raven Place,Richmond,eed73076-dd84-45f1-8284-d3ad4aaf3c5b,,"Located in the heart of Richmond's historic East End, this spacious apartment places you just minutes from Church Hill, Shockoe Bottom, downtown Richmond, VCU Medical Center, shopping, dining, and entertainment."
HARD,school_steering,1 E King St,Orlando,f91039a6-18dd-4aef-8722-742c44046795,,"Schools: Zoned for sought-after Orange County public schools, including Princeton Elementary (0.5 miles), and near several respected private institutions."
HARD,school_steering,100 Bantry Dr.,Lake Mary,9515c92d-c897-4e62-ae1f-c6cebe3449fb,,"Zoned for Lake Mary Elementary School, Greenwood Lakes Middle School and Lake Mary High School."
HARD,school_steering,1000 Huntington Ct,Longwood,38f874b5-5942-48f5-8144-1f98ee68323c,,"Location & School Zoning Situated in a convenient pocket of Longwood, the home is zoned for respected Seminole County Schools:"
HARD,school_steering,1000 Huntington Ct,Longwood,38f874b5-5942-48f5-8144-1f98ee68323c,,"Schools: Woodlands Elementary, Rock Lake Middle, and Lyman High School."
HARD,school_steering,1000 Parma Cir,Lake Mary,205aff91-49ed-4b6a-9bad-14034ce94dcb,,"Zoned for Crystal Lake Elementary School, Millennium Middle School, and Seminole High School."
HARD,school_steering,10008 Canopy Tree Ct,Orlando,cb70c9fb-be94-49ce-afca-2c291e70bf36,,"Zoned for highly rated schools: Sand Lake Elementary, Southwest Middle School, and Dr."
HARD,school_steering,10008 Canopy Tree Ct,Orlando,cb70c9fb-be94-49ce-afca-2c291e70bf36,,Phillips High School.
HARD,school_steering,10067 John Adams Way,Orlando,f765c037-1deb-4f3c-bded-632260bbe0b9,,"Families will appreciate being zoned for highly-rated Riverdale Elementary School, Corner Lake Middle School, and University High School, ensuring excellent educational opportunities."
HARD,school_steering,1010 Winderley Place,Maitland,0d0a4254-3230-4282-9197-fc6f426ab76f,,"Zoned for Lake Sybelia Elementary School, Lockhart Middle School, and Edgewater High School."
HARD,school_steering,10109 Marsh Pine Cir,Orlando,24721c56-6bf1-4f0a-a9f8-1dba9694e9bc,,"Close proximity to excellent schools adds an extra layer of appeal, promising an enriching environment for education and growth."
HARD,school_steering,1011 Palmer St,Orlando,807ae2f7-27e1-46b6-8cec-03c5d72daaa7,,"Set on a quaint, tree-lined street, this home offers all the character Lake Davis/Greenwood is known for—mature oaks draped in Spanish moss, brick streets, and timeless architecture—while being just minutes from Downtown"
HARD,school_steering,1013 Cypress Ave,Sanford,5f4133e9-35df-406c-b5f5-f95c60ef0639,,It is zoned for Seminole High School and is professionally Leased and Managed by Atrium Management.
HARD,school_steering,1013 Cypress Ave,Sanford,5f4133e9-35df-406c-b5f5-f95c60ef0639,,It is zoned for Seminole High School and is professionally Leased and Managed by Atrium Management.
HARD,school_steering,10160 Hidden Dunes Lane,Orlando,9fa4f0a9-d8b5-44c2-8343-e84c0fab57ba,,"Zoned for top-rated schools: Moss Park Elementary, Innovation Middle School, and Lake Nona High School."
HARD,school_steering,10226 Fiddley Aly,Orlando,f23c1b4e-f207-4b18-b93c-193aecc12d89,,"Enjoy ultimate convenience—just minutes from Lake Nona Town Center, top-rated schools, parks, hospitals, restaurants, and shopping."
HARD,school_steering,10226 Fiddley Aly,Orlando,f23c1b4e-f207-4b18-b93c-193aecc12d89,,The location also provides proximity to highly rated schools and an on-site restaurant.
HARD,school_steering,103 Northwood Drive,Longwood,be90850c-cbf8-4160-afa7-04a1ed56e188,,Immaculate 3 Bed 2 Bath Duplex Near Lake Brantley High School
HARD,school_steering,103 Northwood Drive,Longwood,be90850c-cbf8-4160-afa7-04a1ed56e188,,"Zoned for Forest City Elementary School, Teague Middle School and Lake Brantley High School."
HARD,school_steering,10304 Rostand Aly,Orlando,5d12a692-3d8c-4c5a-8647-06cbba938b6d,,Access to top-rated schools in the Lake Nona area
HARD,school_steering,1036 Shadowmoss Cir,Lake Mary,4194f179-de6a-4743-8d16-9f3f644c7789,,"Zoned for top-rated schools: Heathrow Elementary, Markham Woods Middle, and Seminole High."
HARD,school_steering,10401 Lavande Drive,Orlando,fb94b5db-cfcd-4b22-ba75-230eb1c4a598,,"Zoned for Castleview Elementary, Horizon West Middle School, and Windermere High School."
HARD,school_steering,10414 Andover Point Cir,Orlando,f6970372-63bc-4ee9-851f-4a19b2b7bef2,,"Conveniently located near UCF, Waterford Lakes Town Center, major highways, shopping, dining, and top-rated schools, this home offers the perfect balance of comfort and accessibility."
HARD,school_steering,10424 Sun Villa Blvd.,Orlando,9d8f8839-5de4-474a-b6a1-5e4453c9548d,,"Zoned for Arbor Ridge Elementary School, Corner Lake Middle School,  University High School and UCF."
HARD,school_steering,1043 Hornbeam St,Oviedo,08b1ccb2-bd7c-4a7e-a19f-b24f33ea7410,,"Located just minutes from restaurants and UCF, this home is also zoned for top-rated schools: Stenstrom Elementary, Chiles Middle School, and Oviedo High School."
HARD,school_steering,105 Brierwood Drive,Sanford,6cb0b838-f22f-44f4-b986-f7225162fe93,,Located in the highly rated Seminole County school district!
HARD,school_steering,105 N. Weathersfield Avenue,Altamonte Springs,56339ac9-52c8-4bac-9a94-7c3878cb9122,,Zoned for Lake Brantley High School.
HARD,school_steering,10523 Cresto Del Sol Cir,Orlando,e1c513dc-0b94-4b69-b066-e354ebfbc8c4,,"Zoned for Arbor Ridge Elementary School, Corner Lake Middle School and University High School."
HARD,school_steering,10563 County Road 237,Oxford,6351142e-0a7b-4513-9a2c-7b68e79a8200,,Charming 3 Bedroom 2 Bathroom Ranch Home w/2 Car Garage Zoned for Horses and Livestock!
HARD,school_steering,108 Sycamore Ct,Sanford,37cde735-486b-4649-aac0-fdd62558bb2e,,"Zoned for Region 2 Elementary School, Millennium Middle School, and Seminole High School."
HARD,school_steering,109 James Avenue,Orlando,8ee98513-d7c7-40a3-87df-8f7d9298153c,,Zoned for Lake Como K-8 and Edgewater HIgh School.
HARD,school_steering,109 James Avenue Unit 2,Orlando,e096b010-e645-4476-bfd4-eb746bc0ea40,,Zoned for Lake Como K-8 and Edgewater HIgh School.
HARD,school_steering,110 Sycamore Ct,Sanford,278077a6-fd24-4474-a64a-ede7ec5c0b20,,"Zoned for NW Region 2 Elementary School, Millennium Middle School, and Seminole High School."
HARD,school_steering,1100 Lake Shadow Circle #2306,Maitland,4a0b4a41-50a5-4865-bb4d-0128a9b1c5aa,,"Zoned for Lake Sybelia Elementary School, Lockhart Middle School, and Edgewater High School, this home provides access to some of the area's top-rated public schools."
HARD,school_steering,1100 Lowry Ave,Lakeland,91ddba88-36e7-4e4a-8a09-5b553c8562f6,,"Schools nearby are Crystal Lake Elementary, Crystal Lake Middle, and Lakeland Senior High School."
HARD,school_steering,1102 Levensor Court,Sanford,144f768c-edf8-467c-9960-5a5a71e3b07f,,"This home is zoned for excellent schools: Region 1 Elementary, Markham Woods Middle, and Seminole High School."
HARD,school_steering,1111 Pepperdine Lane,Sanford,f48f5f4c-1500-4930-880a-5dbe20ee8867,,"Zoned for Region 1 Elementary School, Markham Woods Middle School, and Seminole High School."
HARD,school_steering,1111 Peralta Court,Sanford,c7d7a227-fb62-4754-bd67-4a26c25b60e0,,"Zoned for Region 1 Elementary School, Markham Woods Middle School, and Seminole High School."
HARD,school_steering,1119 S. Pennsylvania Avenue,Winter Park,2e8055dd-fba9-4c21-9a27-fd13bfe93999,,"Zoned for highly rated Winter Park schools, this location truly supports an elevated lifestyle."
HARD,school_steering,112 Cory Lane,Winter Springs,c485eda5-302e-4c3a-9f35-f4b9b27133e1,,"Highly-Rated Schools: Located within the prestigious Seminole County School District, this home is zoned for:"
HARD,school_steering,112 Cory Lane,Winter Springs,c485eda5-302e-4c3a-9f35-f4b9b27133e1,,Layer Elementary School (9/10 GreatSchools Rating)
HARD,school_steering,112 Cory Lane,Winter Springs,c485eda5-302e-4c3a-9f35-f4b9b27133e1,,Indian Trails Middle School
HARD,school_steering,112 Cory Lane,Winter Springs,c485eda5-302e-4c3a-9f35-f4b9b27133e1,,Winter Springs High School
HARD,school_steering,112 Willowbay Ridge,Sanford,2099d22c-ea62-4723-b489-24ae1239a744,,"Zoned for Bentley Elementary School, Markham Woods Middle School, and Seminole High School."
HARD,school_steering,11213 Moonshine Creek Circle,Orlando,d9afcec3-ce60-444c-924f-c09c72b8090c,,"Zoned for Cypress Springs Elementary School, Legacy Middle School, and University High School."
HARD,school_steering,1123 Travertine Terrace,Sanford,71f9dedf-058e-44de-a257-7eca260f3912,,"Zoned for Region 1 Elementary School, Sanford Middle School and Seminole High School."
HARD,school_steering,11242 Savannah Landing Circle,Orlando,829a8570-c5ef-45e4-b91d-50c3b0015e0e,,"Zoned for Eagle Creek Elementary School, Lake Nona Middle School and Lake Nona High School."
HARD,school_steering,1126 Vineland Place,Lake Mary,54c9d23a-f21f-4da3-bad9-50d68ebea09f,,"Zoned for Region 2 Elementary School, Millennium Middle School, and Seminole High School."
HARD,school_steering,113 N. High Street,Lake Mary,ff409f56-7a00-47a8-8117-a4bc728caa16,,"Zoned for Lake Mary Elementary School, Millennium Middle School, and Lake Mary High School."
HARD,school_steering,1131 Kersfield Cir,Lake Mary,b35a99b6-7b87-4013-bf8d-b355796c453c,,"Zoned for Heathrow Elementary School, Markham Woods Middle School and Seminole High School."
HARD,school_steering,114 Cory Lane,Winter Springs,5a8c6d65-3bb0-4924-a3ae-e888b793decd,,"Highly-Rated Schools: Located within the prestigious Seminole County School District, this home is zoned for:"
HARD,school_steering,114 Cory Lane,Winter Springs,5a8c6d65-3bb0-4924-a3ae-e888b793decd,,Layer Elementary School (9/10 GreatSchools Rating).
HARD,school_steering,114 Cory Lane,Winter Springs,5a8c6d65-3bb0-4924-a3ae-e888b793decd,,Indian Trails Middle School.
HARD,school_steering,114 Cory Lane,Winter Springs,5a8c6d65-3bb0-4924-a3ae-e888b793decd,,Winter Springs High School.
HARD,school_steering,1144 Cathcart Circle,Sanford,bdb39f63-e195-4c26-ac8c-fa894b311d90,,"Zoned for Region 1 Elementary Schools, Sanford Middle School and Seminole High School."
HARD,school_steering,1148 Kersfield Cir,Heathrow,c1a843fc-f02e-4730-bcf8-91e3185dda0a,,"Zoned for Heathrow Elementary School, Markham Woods Middle School and Seminole High School."
HARD,school_steering,116 W. 19th Street,Apopka,2a667a38-dd8a-494b-a09f-735634dc3e1b,,"Location & School Zone: Nestled in a prime location with easy access to the 429 Expressway, this property is zoned for highly-regarded schools:"
HARD,school_steering,116 W. 19th Street,Apopka,2a667a38-dd8a-494b-a09f-735634dc3e1b,,Middle: Sanford Middle School
HARD,school_steering,116 W. 19th Street,Apopka,2a667a38-dd8a-494b-a09f-735634dc3e1b,,High: Seminole High School
HARD,school_steering,118 Lewfield Circle,Winter Park,5e7a0414-c341-42b9-bd57-22dab5cfd735,,"Zoned for English Estates Elementary School, Tuskawilla Middle School and Lake Howell High School."
HARD,school_steering,1181 Dekleva Drive,Apopka,879c78d0-c04d-4f97-8961-c357b99485cf,,"Located near top-rated schools including Wolf Lake Elementary, Wolf Lake Middle, and Apopka High, and just minutes from dining, shopping, and entertainment options."
HARD,school_steering,11993 Charades St,Orlando,f80b757c-ca43-4df4-ae4d-dbb8af96aaa8,,"Located just minutes from Medical City, major roadways like SR-417, top-rated schools, shopping, and dining, this home truly has it all!"
HARD,school_steering,120 N. Cervidae Drive,Apopka,e94a9249-6dad-4afd-bbce-d59aaba98a88,,"Zoned for Apopka Elementary School, Apopka Middle School, Apopka High School."
HARD,school_steering,1208 Cloverlawn Ave,Orlando,ec39c9d1-ba3e-4e49-81b5-31176cb23970,,"Zoned for Lake Como Elementary School, Lake Como Middle School and Boone High School."
HARD,school_steering,1210 Cloverlawn Ave,Orlando,14c5d5d7-0368-40aa-aa49-10a415144151,,- Close to Lake Como Elementary School and William R Boone High School.
HARD,school_steering,"12220 Wild Iris Way, #112",Orlando,f0adddab-6303-4b97-8f5f-73bab047d244,,"Zoned for Hunters Creek Elementary, Hunters Creek Middle School and Freedom High School."
HARD,school_steering,1224 Sebastian Cove,Lake Mary,808eaa06-598d-4c33-83cb-62da23954f4e,,"Zoned for Heathrow Elementary School, Markham Woods Middle School, Seminole High School."
HARD,school_steering,1224 Travertine Terrace,Sanford,252cb2f3-2c1f-40cb-857b-9ec4b6f8dd54,,"Zoned for Region 1 Elementary School, Sanford Middle School, and Seminole High School."
HARD,school_steering,12262 Fox Hound Lane,Orlando,d6866c71-1d82-499c-9337-6ba8c280bf0c,,"Zoned for University High School, Corner Lake Middle School and Riverdale Elementary School."
HARD,school_steering,124 Becket Ln,Heathrow,2d3f69f3-dd64-4dc8-97ca-e1de58d01096,,"Zoned for Heathrow Elementary School, Markham Woods Middle School, Seminole High School."
HARD,school_steering,12407 Ballentrae Forest Dr,Riverview,02903c0a-4dd5-488e-aa77-ca1cc956e145,,"Zoned for the  Sessums Elementary, Rodgers Middle, Riverview High School."
HARD,school_steering,1245 Alafia Way,Poinciana,72cd3236-6cd7-4d22-a9cc-57ed8a9b738c,,Zoned for Lake Marion Creek Middle and Haines City Senior High School.
HARD,school_steering,1246 Fox Hedge Ln,Saint Cloud,a5e6202d-8721-4ff0-91c3-065a7926395c,,"Location: Situated in the 34771 zip code, you are minutes away from Lake Nona’s Medical City, top-rated schools, and the turnpike, while still enjoying the peace and quiet of Saint Cloud."
HARD,school_steering,126 E Concord St Unit A,Orlando,25f69510-8eb1-4737-a4cc-33790445043c,,"TOP-TIER EDUCATION Located within the sought-after Orange County Public School zones, including the historic Howard Middle School Academy of Arts and the innovative Lake Como School (K-8)."
HARD,school_steering,126 E Concord St Unit B,Orlando,f82f52f5-6c78-4d11-a52a-759b548c65d6,,"TOP-TIER EDUCATION Located within the sought-after Orange County Public School zones, including the historic Howard Middle School Academy of Arts and the innovative Lake Como School (K-8)."
HARD,school_steering,126 E Concord St Unit C,Orlando,6b16d099-8b03-4a9a-8d49-874a9f59d3ec,,"TOP-TIER EDUCATION Located within the sought-after Orange County Public School zones, including the historic Howard Middle School Academy of Arts and the innovative Lake Como School (K-8)."
HARD,school_steering,126 Water Street,Lake Helen,d763e13b-e3a2-47a6-8f6d-5521c98699b4,,"Located in the heart of Lake Helen, this home is zoned for Volusia Pines Elementary, Deland Middle, and Deland High School districts."
HARD,school_steering,126 Water Street,Lake Helen,d763e13b-e3a2-47a6-8f6d-5521c98699b4,,Just one block away from Ivy Hawn Charter School and Creative Arts Daycare.
HARD,school_steering,126 Water Street,Lake Helen,a48a3f98-de8e-483a-8c7d-b76bf40a61ae,,"Located on the second floor above commercial office space, the apartment is within the Volusia Pines Elementary, Deland Middle, and Deland High School districts."
HARD,school_steering,126 Water Street,Lake Helen,a48a3f98-de8e-483a-8c7d-b76bf40a61ae,,It is just one block away from Ivy Hawn Charter School and Creative Arts Daycare and offers great proximity to the market in the park.
HARD,school_steering,1280 Katrina Course,Palm Bay,0f1dbde0-203d-40da-92ed-4050a17e09e8,,Zoned for Palm Bay Elementary and Palm Bay Magnet High School.
HARD,school_steering,12814 Oulton Circle,Orlando,715dd00c-ec13-4e8c-96b1-6086d220d861,,"Minutes from Lake Nona Medical City, Nemours Children's Hospital, UCF Medical School, Valencia College & across the street from Lake Nona High School."
HARD,school_steering,12814 Oulton Circle,Orlando,715dd00c-ec13-4e8c-96b1-6086d220d861,,"Zoned for Eagle Creek Elementary School, Lake Nona Middle School and Lake Nona High School."
HARD,school_steering,1288 Cloverlawn Ave,Orlando,45425942-a6a0-41d0-8e41-067321c208e2,,"Zoned for Lake Como Elementary School, Lake Como Middle School and Boone High School."
HARD,school_steering,1310 Fairview Avenue,Winter Park,76fac962-2a84-4f36-9a36-60e0368eeb3f,,"Spend your weekends strolling along Winter Park’s iconic Park Avenue, exploring local restaurants, or enjoying nearby schools such as Edgewater High School, Killarney Elementary, College Park Middle, St."
HARD,school_steering,13168 Lexington Summit St,Orlando,a511cfbd-5e97-432c-b7a8-715800aeef57,,"You'll also appreciate the close proximity to UCF, top-rated schools, FL-408, and Downtown Orlando, which is only about 12 miles away."
HARD,school_steering,1318 Kewannee Trail,Maitland,a2bf61cf-ebd1-4e02-9191-94c190502117,,Elementary: English Estates Elementary School
HARD,school_steering,1318 Kewannee Trail,Maitland,a2bf61cf-ebd1-4e02-9191-94c190502117,,Middle: South Seminole Middle School
HARD,school_steering,1318 Kewannee Trail,Maitland,a2bf61cf-ebd1-4e02-9191-94c190502117,,High: Lake Howell High School
HARD,school_steering,132 Sabal Palm Court,Sanford,c8c39f78-375a-40cd-a175-8087522bb87a,,"Zoned for Region 2 Elementary School, Millennium Middle School, and Seminole High School."
HARD,school_steering,132 Vista Verdi Circle Unit 128,Lake Mary,5e8ff942-5460-40d8-b3c4-50fd44bec202,,"Zoned for Heathrow Elementary School, Markham Woods Middle School, and Lake Mary High School."
HARD,school_steering,1321 Myrtle Dr,Longwood,fa619744-71d7-48d8-b768-6a44f8d01939,,"Conveniently zoned for Seminole County’s highly rated schools: Woodlands Elementary, Rock Lake Middle, and Lake Mary High School."
HARD,school_steering,1325 Rotonda Pt #137,Lake Mary,121e9959-8765-48f7-8ea2-a2ea18fe165d,,"Zoned for Heathrow Elementary School, Markham Woods Middle School, and Lake Mary High School."
HARD,school_steering,1333 Golf Point Loop,Apopka,e4b7663b-afef-4941-bbcd-d6ce6173d7da,,"For families, the assigned public schools are Apopka Elementary School, Wolf Lake Middle School, and Apopka High School."
HARD,school_steering,13346 Boulder Woods Circle,Orlando,2377ccba-3a12-4637-b99e-1e38471cddc0,,"Zoned for Meadow Woods Elementary School, Meadow Woods Middle School and Cypress Creek High School."
HARD,school_steering,13352 Willow Bluestar Loop,Riverview,9cd02b78-e813-4179-98bb-cfae6eb2a147,,Zoned for great schools including Eisenhower Middle School.
HARD,school_steering,137 Villa Di Este Ter,Lake Mary,fcd58a9a-3b92-401c-9e57-beb0a71991af,,Top-Rated School Zone:
HARD,school_steering,137 Villa Di Este Ter,Lake Mary,fcd58a9a-3b92-401c-9e57-beb0a71991af,,Heathrow Elementary School Markham Woods Middle School Lake Mary High School
HARD,school_steering,137 Villa Di Este Ter,Lake Mary,40d85c0e-e32f-4b70-8c01-536a739bb407,,"Zoned for esteemed schools: Heathrow Elementary School, Markham Woods Middle School, and Lake Mary High School."
HARD,school_steering,13807 Guildhall Circle,Orlando,b056939e-ca57-43bf-a716-60cad8ff3928,,"Zoned for Sunrise Elementary, Discovery Middle and Timber Creek High School."
HARD,school_steering,1381 Patterson Ter,Lake Mary,71b41842-716e-47a6-a4b5-168cb35a309b,,"The home is zoned for Seminole County schools, including Crystal Lake Elementary, Millennium Middle, and Seminole High School."
HARD,school_steering,13828 Guildhall Circle,Orlando,99075a0d-2a4f-4df7-8084-233e09a3e462,,"Close to neighborhood elementary school, Waterford Lakes Town Center, shopping, restaurants, Siemens & Lockheed Martin, near SR 408 & 417."
HARD,school_steering,13906 Title Way,Winter Garden,648c8328-13fd-471b-83ae-8b75dc4748d3,,"Located in top-rated Winter Garden school zones, this amazing property is just minutes to the 429, Winter Garden Village and only 30 minutes to the center of Orlando and the attractions."
HARD,school_steering,1408 Patrick St,Kissimmee,dd197780-1318-4380-80be-2cc911dc212e,,"Zoned for Thacker Avenue Elementary, Kissimmee Middle, and Osceola High School."
HARD,school_steering,1410 Patrick St,Kissimmee,0f65fe25-b36e-4cb1-9656-6c34cee20adc,,"Zoned for Thacker Avenue Elementary, Kissimmee Middle, and Osceola High School."
HARD,school_steering,1420 MALIBU CIRCLE NE,Palm Bay,ecdd86f9-a61e-414c-8bf4-627152aad8e2,,Zoned for Rivera Elementary School and Palm Bay Magnet Senior High School.
HARD,school_steering,1427 Voltaire Street,Deltona,ed883201-83d8-4fff-8d13-2a291fcba178,,"Zoned for Timbercrest Elementary School, Galaxy Middle School, and Deltona High School."
HARD,school_steering,1429 Farrindon Circle,Heathrow,b41d67cd-9ed8-409d-b0a1-9672e82e35f9,,"Zoned for Heathrow Elementary School, Markham Woods Middle School and Seminole High School."
HARD,school_steering,14412 Orchard Hills Blvd,Winter Garden,c1d03fc8-01c0-41f2-a7f1-788d8fdf7de5,,"Located just a short drive to Hamlin Town Center, SR 429, and top-rated schools, this home offers unbeatable convenience in a serene neighborhood setting."
HARD,school_steering,1447 Swift Ct.,Poinciana,dbe78f89-cebf-4c01-8979-a676d4985ab1,,Zoned for Lake Marion Creek Middle and Haines City Senior High School.
HARD,school_steering,146 Brushcreek Drive,Sanford,6d885a43-1ea1-4a49-95ef-352fd6877fa7,,"Zoned for Region 1 Elementary Schools, Sanford Middle School and Seminole High School."
HARD,school_steering,1498 Farrindon Cir,Heathrow,542d8fcb-83b4-4999-aed3-702414f9358e,,"School zoning includes Heathrow Elementary School, Markham Woods Middle School, and Seminole High School."
HARD,school_steering,1500 Coronet Drive,Deltona,780906da-164a-4e2b-8457-bf9d6c97570c,,"Zoned for Forest Lake Elementary School, Deltona Middle School and Deltona High School."
HARD,school_steering,151 Trevor Court,Lake Mary,42bd1db8-7c88-44dc-8355-1c325af0b69e,,"Zoned for Heathrow Elementary School, Markham Woods Middle School, and Seminole High School."
HARD,school_steering,1518 Almond Ave,Orlando,8bdec8c0-35ea-4273-b7f5-cece7f337ae9,,"Zoned for Baldwin Park Elementary School, Glenridge Middle School and Winter Park High School."
HARD,school_steering,152 Trevor Court,Heathrow,9af91cea-f370-4ca0-87a1-92d256189888,,"Zoned for Heathrow Elementary School, Markham Woods Middle School, and Seminole High School."
HARD,school_steering,1524 Downy Birch Lane,Longwood,5c6fd59b-5f7b-4669-bb0b-c3b31ca527fe,,"Minutes from I-4, SunRail, top-rated schools, shopping, and restaurants."
HARD,school_steering,1524 Downy Birch Lane,Longwood,5c6fd59b-5f7b-4669-bb0b-c3b31ca527fe,,Zoned for: • Highlands Elementary • Greenwood Lakes Middle • Lake Mary High
HARD,school_steering,1546 Downy Birch Lane,Longwood,38ed936b-4548-4d99-94b3-6e39946e8066,,"Zoned for Longwood Elementary School, Greenwood Lakes Middle School and Lake Mary High School."
HARD,school_steering,155 Trevor Ct,Heathrow,b7963b4d-410a-4b1d-8d80-6df225a9d943,,"Zoned for Heathrow Elementary School, Markham Woods Middle School, and Seminole High School."
HARD,school_steering,1554 Downy Birch Lane,Longwood,979ee6d0-9435-48f4-ba34-46717abbd892,,"Zoned for Highlands Elementary School, Greenwood Lakes Middle School and Lake Mary High School."
HARD,school_steering,1567 Farrindon Circle,Lake Mary,3c0c53ec-f601-4650-86e1-a3a5029f0fa9,,"School zoning includes Heathrow Elementary School, Markham Woods Middle School, and Seminole High School."
HARD,school_steering,1590 Shadowmoss Circle,Lake Mary,41704ae9-b2f9-4dd9-9650-9a394cd8538e,,"Conveniently located near I-4, shopping, dining, and the Seminole Wekiva Trail, and zoned for Heathrow Elementary, Markham Woods Middle, and Seminole High School, this home combines luxury, lifestyle, and location in one"
HARD,school_steering,1615 Cracker Creek Ct,Oviedo,59fc292f-6faf-4d29-bd55-3f6daeb99e94,,Area is recognize as a premier national school district.
HARD,school_steering,1653 Cherry Ridge Dr,Lake Mary,7d02e2cd-c475-4da0-a0d7-0d7c47225479,,"Zoned for Heathrow Elementary School, Markham Woods Middle School, and Seminole High School."
HARD,school_steering,1664 Pine Bay Drive,Lake Mary,8281fd32-5501-405c-adcb-24346f829e25,,Superior Location & Top-Rated Schools: The home offers an easy commute with quick access to SR 417 and I-4.
HARD,school_steering,1664 Pine Bay Drive,Lake Mary,8281fd32-5501-405c-adcb-24346f829e25,,"Zoned For Top-Rated Schools: Woodlands Elementary, Markham Woods Middle, and Lake Mary High School."
HARD,school_steering,1668 Tennyson Court,Lake Mary,c84fd9a8-eb73-49b5-bd8c-4c54151f7edf,,"Zoned for Heathrow Elementary School, Markham Woods Middle School, and Seminole High School."
HARD,school_steering,167 Briarwood Drive,Debary,376fff56-2f31-44f5-a4ae-35d0b4c16584,,This property is located within the Volusia County School District.
HARD,school_steering,167 Briarwood Drive,Debary,376fff56-2f31-44f5-a4ae-35d0b4c16584,,Elementary: DeBary Elementary School
HARD,school_steering,167 Briarwood Drive,Debary,376fff56-2f31-44f5-a4ae-35d0b4c16584,,Middle: River Springs Middle School
HARD,school_steering,167 Briarwood Drive,Debary,376fff56-2f31-44f5-a4ae-35d0b4c16584,,High: University High School
HARD,school_steering,167 Briarwood Drive,Debary,376fff56-2f31-44f5-a4ae-35d0b4c16584,,"Zoned for Debary Elementary School, River Springs Middle School, and University High School."
HARD,school_steering,1673 Cherry Ridge Drive,Lake Mary,eb13e1e9-75fd-493e-b909-fcc691a2b9cd,,"Zoned for Heathrow Elementary School, Markham Woods Middle School, and Seminole High School."
HARD,school_steering,1679 Shadowmoss Cir,Lake Mary,d94993d7-1363-4a07-8814-258f6fc9102d,,"For families, the schools zoned for this home are Crystal Lake Elementary School, Markham Woods Middle School, and Lake Mary High School."
HARD,school_steering,1695 W Lake Mary Blvd,Lake Mary,a70a92f7-1e53-4537-a165-220b40496ceb,,"Zoned for Lake Mary Elementary School, Greenwood Lakes Middle School and Lake Mary High School."
HARD,school_steering,16950 Deer Oak Ln,Orlando,06396aaf-9ef1-47f1-b05d-f6fd831bf520,,"Zoned for Timber Lakes Elementary, Timber Springs Middle, and Timber Creek High Schools."
HARD,school_steering,1704 Weltin Street,Orlando,bac95839-bf65-45b3-82fa-886ce63c07f7,,"Zoned for Audubon Park Elementary, Howard Middle, and Edgewater High School."
HARD,school_steering,1709 Pine Bay Dr,Lake Mary,3dd24ecf-4515-4259-9f4d-e8047bbc7766,,"Zoned for Woodlands Elementary School, Markham Woods Middle School, and Lake Mary High School."
HARD,school_steering,1713 Pine Bay Dr,Lake Mary,c9abbf1b-838d-4cce-970d-89514b97b67a,,"Zoned for Woodlands Elementary School, Markham Woods Middle School, and Lake Mary High School."
HARD,school_steering,1720 Merrick Rd,Lakeland,912250ea-d31e-4525-8552-4cabb58a7034,,"Schools nearby are Phillip O'Brien Elementary, Crystal Lake Middle, and Tenoroc High School."
HARD,school_steering,1735 Barrow Street,Deltona,9b930ba8-d5cf-4575-b88b-d276280ad71e,,"Zoned for Timbercrest Elementary School, Galaxy Middle School, and Deltona High School."
HARD,school_steering,1746 Stafford Dr,Orlando,ec2cf846-f4ab-44e9-8fa9-731716baad60,,"Located in a peaceful, established neighborhood, this home is close to Conway Chain of Lakes, major highways, top-rated schools, shopping, dining, parks, and more—offering both privacy and convenience."
HARD,school_steering,1752 Buckeye Rd,Davenport,61c4bfe5-d3cb-4e64-b4a7-920530c528a8,,"Located minutes away from Champions Gate, Disney and zoned for Horizons Elementary, Shelley S."
HARD,school_steering,1752 Buckeye Rd,Davenport,61c4bfe5-d3cb-4e64-b4a7-920530c528a8,,"Boone Middle School, and Ridge Community High School."
HARD,school_steering,1766 Travertine Terrace,Sanford,ed4e30d2-e903-40e8-bf3a-dc12b4a8af67,,"Zoned for Region 1 Elementary School, Sanford Middle School and Seminole High School."
HARD,school_steering,17777 Crescent Moon Loop,Lakewood Ranch,9eaa2224-8827-439c-a501-e70f8c73c8f6,,"Located in one of Lakewood Ranch’s most desirable communities, you’ll enjoy convenient access to top-rated schools, shopping, dining, golf, and nearby Gulf Coast beaches."
HARD,school_steering,1780 Carley Court,Orlando,6795a614-7057-4828-ab86-4147947cba1c,,"- Top-Rated Schools: Baldwin Park is known for its excellent schools, making it a desirable location for families."
HARD,school_steering,1782 Carley Court,Orlando,918ffa00-233b-43da-a5ae-75f1443a75a6,,"Enjoy a peaceful, private setting while walking distance to upscale dining, boutique shopping, farmers' markets, and the lake's scenic trails — all within Baldwin Park's top-rated schools and welcoming community atmosphe"
HARD,school_steering,17973 Frame Bend,Land O Lakes,7cd662ae-2f7d-4e0d-bd24-5e621ac638af,,"Located just minutes from top-rated schools, shopping, and dining, this home offers both convenience and luxury."
HARD,school_steering,17973 Frame Bend,Land O Lakes,7cd662ae-2f7d-4e0d-bd24-5e621ac638af,,"Zoned for the highly rated Bexley Elementary, Charles Rushe Middle, Sunlake High School."
HARD,school_steering,1820 Sunset Palm Drive,Apopka,be0e79da-5ace-41e0-88f4-73ab40187a80,,"Zoned for Rock Spring Elementary, Apopka Middle, and Apopka High Schools."
HARD,school_steering,1834 Raspberry Cane Court,Longwood,739063a3-9681-4024-a453-0fc922486c95,,"Zoned for Highlands Elementary, Greenwood Lakes Middle, and Lake Mary High School."
HARD,school_steering,188 Angel Trumpet Way,Oviedo,b381cad8-ae7a-445c-a2ca-7921db69bdcc,,"Zoned for Evans Elementary School, Jackson Heights Middle School and Oviedo High School."
HARD,school_steering,1890 Valley Wood Way,Lake Mary,c2212fc6-0c9e-4917-9905-684b3619c247,,"Zoned for Woodlands Elementary School, Markham Woods Middle School, and Lake Mary High School."
HARD,school_steering,1891 Valley Wood Way,Lake Mary,68118ef9-93e4-49d3-a118-42f3e8cf231c,,"Zoned for Woodlands Elementary School, Markham Woods Middle School, and Lake Mary High School."
HARD,school_steering,1894 Crystal Grove Dr,Lakeland,52cd4f99-e89a-4c8b-8542-7e29c259015c,,"Nearby schools are Crystal Lake Elementary, Crystal Lake Middle, and Lakeland Senior High School"
HARD,school_steering,1898 Crystal Grove Dr,Lakeland,3a6d3da5-e954-4cc6-b5ed-d86c57eb35d9,,"Nearby schools are Crystal Lake Elementary, Crystal Lake Middle, and Lakeland Senior High School"
HARD,school_steering,1904 Crystal Grove Dr,Lakeland,de3ed070-1b28-46b7-b78f-89cb9ac3af5c,,Nearby Schools: Crystal Lake Elementary Crystal Lake Middle Lakeland Senior High School
HARD,school_steering,1914 Lanier Court,Winter Park,506313eb-f761-4e52-98a4-2439f4127cb5,,"Zoned for Brookshire Elementary School, Glenridge Middle School and Winter Park High School."
HARD,school_steering,1914 Lanier Court,Winter Park,451fb714-6e5c-48b9-bb94-927276e23490,,"Zoned for Brookshire Elementary School, Glenridge Middle School and Winter Park High School."
HARD,school_steering,1917 Woodcrest Drive,Winter Park,f0cc589e-2e09-4820-924f-e41809784c3f,,"The property is surrounded by A-rated schools, with ease of access to major highways, airports and hospitals."
HARD,school_steering,1920 Hibiscus Lane,Maitland,ee81081a-fb67-431f-ac11-24cbc97c6a38,,"Zoned for English Estates Elementary School, South Seminole Middle School, and Lake Howell High School."
HARD,school_steering,1921 Glen Mist Cv,Longwood,c2798ea8-54ba-4415-945b-4a986f2e795a,,"The townhome is conveniently located near I-4, shopping, restaurants, and Lake Mary High School."
HARD,school_steering,1921 Glen Mist Cv,Longwood,c2798ea8-54ba-4415-945b-4a986f2e795a,,"It is zoned for Longwood Elementary School, Greenwood Lakes Middle School, and Lake Mary High School."
HARD,school_steering,1935 Lynn River Drive,Deltona,e79f33b2-ecb9-4cfc-89c7-8e30a9ffc8a5,,"It's also proudly zoned for highly-regarded Volusia County Schools: Deltona Lakes Elementary, Galaxy Middle School, and Deltona High School, making it a great choice for families."
HARD,school_steering,1965 Saffron Ct.,Oviedo,5652ebec-6eff-4512-8a4e-837087a1b425,,"Current School Zoning: Oviedo H.S, Indian Trails Middle School, and Rainbow Elementary."
HARD,school_steering,19693 Shady Oaks Dr,Lutz,16321025-fd4f-47cc-97fd-274f8bfac166,,"Conveniently located to Pasco County's top A rated schools, Oak stead Elementary, Charles S."
HARD,school_steering,19693 Shady Oaks Dr,Lutz,16321025-fd4f-47cc-97fd-274f8bfac166,,Rushe Middle School and Sun Lake High School.
HARD,school_steering,1985 Saffron Court,Oviedo,d3e96030-2398-4434-89ac-8808a0dea9e2,,"Zoned for Rainbow Elementary School, Indian Trails Middle School and Oviedo High School."
HARD,school_steering,200 St. Andrews Boulevard #2403,Winter Park,c53e05da-ab08-49ad-a3a5-9b6d5a081f93,,"Located in a highly desired school district, this condo provides the ideal setting for both relaxation and an active lifestyle."
HARD,school_steering,2009 E Jefferson St - A,Orlando,ed1a3fd2-7105-4871-a615-b9f15696c6ff,,"Zoned for Lake Como Elementary School, Lake Como Middle School, and Edgewater High School."
HARD,school_steering,2013 E Jefferson Street,Orlando,cd58239c-19b9-4e84-b879-1c36f54962d5,,"Zoned for Lake Como Elementary School, Lake Como Middle School and Edgewater High School."
HARD,school_steering,2019 Dixie Belle Drive,Orlando,7623d3d5-ded0-4b05-9788-c26b1ca1ba3b,,"Zoned for Dover Shores Elementary School, Jackson Middle School and Boone High School."
HARD,school_steering,2022 Torchwood Drive,Orlando,4aca0f25-fb59-4a29-bc00-4c61740f1fa7,,"Zoned for Avalon Elementary School, Avalon Middle School and Timber Creek High School."
HARD,school_steering,2035 Dixie Belle Drive,Orlando,47323a00-c9f1-479a-be0f-9e58d3561b0b,,"Conveniently situated just minutes from local shops, restaurants, and more, this condo is zoned for Dover Shores Elementary School, Jackson Middle School, and Boone High School."
HARD,school_steering,204 Trieste Loop,Lake Mary,a86728a5-5dc8-4365-a06f-c7bdcaa10ee7,,"Zoned for Crystal Lake Elementary School, Millennium Middle School, and Seminole High School."
HARD,school_steering,2043 Meadow Pond Way,Orlando,4775a46e-9063-4971-89f5-721d4e439a18,,"Zoned for Wyndham Lakes Elementary, Meadow Woods Middle, and Cypress Creek High School."
HARD,school_steering,2047 Dixie Belle Drive,Orlando,8747a5b8-ac56-4992-86e1-cf2744499d7b,,"Zoned for Dover Shores Elementary School, Jackson Middle School and Boone High School."
HARD,school_steering,206 W. Wisconsin Avenue Unit A,Deland,7fa1594c-3cf0-4216-944c-9d3ebed5cb4d,,"School Zoning: Blue Lake Elementary, DeLand Middle, DeLand High School"
HARD,school_steering,208 Kays Landing,Sanford,a12d8310-d436-4b26-a65b-121fb4b5b5fe,,"Zoned for   Region 1 Elementary, Sanford Middle, and Seminole High School."
HARD,school_steering,2131 Retreat View Circle,Sanford,a3b62f5a-1b54-407b-8b95-524fdf441b34,,"Zoned for Region 1 Elementary School, Sanford Middle School and Seminole High School."
HARD,school_steering,2134 Osprey Woods Circle,Orlando,4377aef8-04ad-4fd2-a368-9f12999ff5de,,"Zoned for Columbia Elementary School, Corner Lake Middle School and East River High School."
HARD,school_steering,214 Hanging Moss Circle,Lake Mary,80061d5d-2741-4b4f-90e5-a9a25961a9d4,,"Zoned for Woodlands Elementary School, Markham Woods Middle School and Lake Mary High School."
HARD,school_steering,217 Lewfield Circle,Winter Park,a066ab41-bb44-4df4-9ca3-6092d8d73006,,"Zoned for English Estates Elementary School, Tuskawilla Middle School and Lake Howell High School."
HARD,school_steering,2177 Longwood Lake Mary Rd.,Longwood,fac4d897-eadd-4baf-9275-eeea8f9794b0,,Across the street from Lake Mary High School
HARD,school_steering,2177 Longwood Lake Mary Rd.,Longwood,fac4d897-eadd-4baf-9275-eeea8f9794b0,,"Zoned for Lake Mary Elementary School, Greenwood Lakes Middle School, and Lake Mary High School."
HARD,school_steering,2177 Longwood Lake Mary Rd.,Longwood,e5c1ba68-fe7b-4955-ab05-c591eda18be1,,"Zoned for Lake Mary Elementary School, Greenwood Lakes Middle School, and Lake Mary High School."
HARD,school_steering,2216 Elmsford Pt,Sanford,f7596329-b9ee-4636-9878-cc6ac67bf1f8,,"Zoned for Bentley Elementary, Markham Woods Middle, and Seminole High Schools."
HARD,school_steering,222 Grouper Ct,Poinciana,05587ad8-df43-40bc-b1eb-2c7b03fc2f2c,,Nearby Schools: Laurel Elementary School Lake Marion Middle School Haines City High School
HARD,school_steering,2234 Howard Dr,Winter Park,287750c5-0a13-4357-b82c-7ed2d296723a,,"Perfectly situated near Audubon Park and Baldwin Park, this home offers unbeatable access to top-rated schools, including Audubon Park K-8 & Winter Park H.S."
HARD,school_steering,225 Hanging Moss Circle,Lake Mary,a75138c8-b03a-4416-b257-3bf21b04cefa,,"Zoned for Woodlands Elementary School, Markham Woods Middle School, and Lake Mary High School."
HARD,school_steering,2365 Essex Ave,Deltona,9e12c959-f3ec-4e86-b66d-7e4616834cc5,,"Zoned for Volusia Pines Elementary School>, Galaxy Middle School and Deltona High School."
HARD,school_steering,2406 Mayer St - A,Orlando,e20317b3-943a-4cf5-8b7e-fa1410cae7f1,,The property is also located within the districts for the highly sought after Blankner Middle School and William B.
HARD,school_steering,2406 Mayer St - A,Orlando,e20317b3-943a-4cf5-8b7e-fa1410cae7f1,,Boone High School.
HARD,school_steering,2408 Rob Ln,Orlando,0e5f2833-78f8-4471-8753-04856422b658,,"Zoned for Perishing Elementary, Conway Middle, and Boone High School."
HARD,school_steering,241 Porchester Dr,Sanford,875dc4e2-bea4-498f-85fa-8e1e162e29a2,,"Zoned for Region 1 Elementary, Sanford Middle, and Seminole High School."
HARD,school_steering,2413 Waxwing Way,Sanford,a139d4e1-09ab-4b2f-b3f5-7f32cca59f23,,Zoned for Sanford Middle School and Seminole High School.
HARD,school_steering,2421 White Magnolia Way,Sanford,0e45c2c3-aa4f-4070-ab38-876cb25ef5b3,,"Zoned for Region 1 Elementary School, Sanford Middle School and Seminole High School."
HARD,school_steering,2444 Hickory Oak Blvd,Orlando,f7bdaf22-7513-436a-ac6f-fd78ca0e16a9,,"Zoned for Riverdale Elementary School, Corner Lake Middle School and University High School."
HARD,school_steering,250 Killarney Drive,Winter Park,3494a68c-b636-4fe1-ad21-dbfc26e3ba8f,,"Zoned for Killarney Elementary School, College Park Middle School and Edgewater High School."
HARD,school_steering,2504 Carmel Ln,Eustis,8695894c-958a-4c7c-a00c-f8a95a786ff2,,"Zoned for Eustis Elementary School, Eustis Middle School and Eustis High School."
HARD,school_steering,2510 Lauder Dr,Maitland,c6763025-b577-4b80-87af-63ba23f5c3cd,,"Nestled on a quiet street in the highly sought-after Dommerich community within walking distance to top-rated schools and minutes to downtown Winter Park, this 4 bedroom, 3 bathroom beauty boasts an open floorplan and mo"
HARD,school_steering,2513 Grassy Point Dr,Lake Mary,f50753bb-fe3d-48ea-92c6-4edeb2ceee1c,,"Zoned for Lake Mary Elementary School, Greenwood Lakes Middle School, and Lake Mary High School."
HARD,school_steering,2516 Grassy Point Dr. #214,Lake Mary,570d7308-af37-4f8d-82cb-b521ce340cb1,,"Zoned for Longwood Elementary School, Greenwood Lakes Middle School and Lake Mary High School."
HARD,school_steering,2521 Grassy Point #113,Lake Mary,99d77469-2e36-4f95-b237-804adf1d6832,,"Zoned for Longwood Elementary School, Greenwood Lakes Middle School, Lake Mary High School."
HARD,school_steering,2528 E. Washington Street,Orlando,8c324b33-2db0-4632-9b73-757b756ce869,,"Schools are zoned for Lake Como Elementary, Lake Como Middle School and Edgewater High School."
HARD,school_steering,2533 Grassy Point Dr #101,Lake Mary,f123230e-5a83-4f9b-bbe1-c2f31f5b9150,,"Zoned for Lake Mary Elementary School, Greenwood Lakes Middle School, and Lake Mary High School."
HARD,school_steering,2549 Grassy Point Drive #107,Lake Mary,b807da80-b446-46a5-add2-fd88d0de6bbe,,"Zoned for Longwood Elementary School, Greenwood Lakes Middle School and Lake Mary High School."
HARD,school_steering,2553 Grassy Pt. Dr #203,Lake Mary,336e38f2-83bb-4b03-bf85-38f2bd99d082,,"Zoned for Lake Mary Elementary School, Greenwood Lakes Middle School, and Lake Mary High School."
HARD,school_steering,"2561 Grassy Point Dr, #303",Lake Mary,001e209a-10f2-4632-bc67-6316fe341a4b,,"Zoned for top-rated schools: Longwood Elementary, Greenwood Lakes Middle, and Lake Mary High."
HARD,school_steering,2577 Grassy Point Dr. #205,Lake Mary,7668acd1-8a51-4042-9185-762d2a51bace,,"Zoned for Longwood Elementary School, Greenwood Lakes Middle School and Lake Mary High School."
HARD,school_steering,2584 Grassy Point Dr #200,Lake Mary,c9f4bfbc-cbb0-41d7-a64e-d0e6531ce76f,,"Zoned for Longwood Elementary School, Greenwood Lakes Middle School and Lake Mary High School."
HARD,school_steering,2584 Park Ridge St,Apopka,ede519f8-ca90-4bba-af94-71ff9d100496,,"It's zoned for Apopka High School, Kelly Park Elementary, and Middle School."
HARD,school_steering,2585 Grassy Pt. Dr. #203,Lake Mary,02b1ba45-c5d9-49f4-8536-ef540c2315fc,,"Zoned for Lake Mary Elementary School, Greenwood Lakes Middle School, and Lake Mary High School.Pets are negotiable with owner approval."
HARD,school_steering,2629 Cahill Way,Lake Mary,8e70df19-30e0-418c-9bb9-559a2448a329,,"Located in a desirable Lake Mary neighborhood,  zoned for the highly rated Seminole County school district!"
HARD,school_steering,2649 River Landing Drive,Sanford,b8ace60f-6d05-4670-ac13-dac8c5daf1f7,,"Zoned for Region 1 Elementary School, Markham Woods Middle School, and Seminole High School."
HARD,school_steering,2665 E Juliet Dr,Deltona,910655a9-9c5c-4fe7-8e1b-9bf8cf442c3a,,"For families, this home is zoned for highly-regarded Volusia County Schools, including Friendship Elementary School, Galaxy Middle School, and Pine Ridge High School."
HARD,school_steering,2687 River Landing Drive,Sanford,8a2d61a9-9a8d-4ef6-8db7-99e3aa24cdcb,,"Zoned for Region 1 Elementary School, Markham Woods Middle School, and Seminole High School."
HARD,school_steering,269 San Paulo Ct,West Melbourne,a1d039b5-79bf-4996-a821-a729bcd11887,,"Zoned for University Park Elementary School, Stone Magnet Middle School, and Melbourne  Senior High School."
HARD,school_steering,2700 S Brown Ave,Orlando,e3561e65-6def-49f9-9858-eba481d09ef9,,"Just minutes from SoDo, this home is perfectly situated in a vibrant community and zoned for top-rated schools, including Blankner K-8 and Boone High School."
HARD,school_steering,2711 Rowan St,Tavares,d077201f-b273-4ee4-be11-05881b326e56,,"Zoned for Eustis Elementary School, Eustis Middle School and Eustis High School."
HARD,school_steering,2720 Hempstead Dr,Lakeland,08598bc8-16d6-4fed-87fd-e28ba15ad239,,Nearby Schools: Phillip O’Brien Elementary Crystal Lake Middle School Tenoroc High School
HARD,school_steering,277 Lakebreeze Cir,Lake Mary,aee6de06-0ee9-481b-8ba0-a9f014a47d1c,,"Zoned for Lake Mary Elementary School, Greenwood Lakes Middle School and Lake Mary High School."
HARD,school_steering,2817 Eastern Pkwy,Winter Park,2cf5868e-8211-4ff6-8d5d-06c4182aaacf,,"Zoned for top-rated schools, including K-8 Audubon Park and Winter Park High School, this home puts you close to Park Ave dining, East End Market, Winter Park YMCA, AdventHealth Hospitals, and endless shopping and entert"
HARD,school_steering,2819 Falcon Crest Place,Lake Mary,988641ab-5659-4db8-a261-ab63aea2feda,,"Zoned for Region 2 Elementary School, Millennium Middle School, and Seminole High School."
HARD,school_steering,2837 Candela Ct,Apopka,253ba132-a45c-4ec1-a9fb-e4b393089725,,"It's zoned for Lake Brantley High School, Teague Middle School and Wekiva Elementary."
HARD,school_steering,2879 Arbor Dune,Apopka,bcbc7133-55b7-4091-bca9-3146f45ad077,,"Located just minutes from SR-429, Kelly Park/Rock Springs, local shopping, dining, and excellent schools, this home combines small-town charm with easy access to Orlando’s top destinations."
HARD,school_steering,289 Via Russo Ln,Lake Mary,9ff27d9f-5d41-49c5-9e23-dc8bf5f6f663,,"Zoned for Region 2 Elementary School, Millennium Middle School, and Seminole High School."
HARD,school_steering,29 Silver Swan Ct,Kissimmee,755cc355-a151-4648-b914-3f81f94300cb,,"Enjoy living in this community with a CENTRAL LOCATION which makes it easily accessible to SHOPPING, GREAT SCHOOLS, DINING, ATTRACTIONS, AIRPORT AND MAJOR ROADWAYS."
HARD,school_steering,2916 E. Washington Street,Orlando,eca28951-6295-4be0-923f-cfe2ad655cd3,,This home is zoned for Lake Como School (K-8) and Edgewater High School.
HARD,school_steering,2917 Hunters Ln,Oviedo,4baba92b-970a-4b21-a3a9-7e904042043f,,Area is recognize as a premier national school district.
HARD,school_steering,299 Drexel Ln,Debary,61e07eca-19f5-4d13-9fdc-b7459e06f97e,,"This home is located within the Volusia County School District and is zoned for Enterprise Elementary School, River Springs Middle School, and University High School."
HARD,school_steering,299 Drexel Ln,Debary,61e07eca-19f5-4d13-9fdc-b7459e06f97e,,Buyers and renters are encouraged to verify current school boundaries with the Volusia County School District.
HARD,school_steering,3037 Bonkirk Dr,Deltona,16015d1b-2d9b-4063-b294-d92d80129584,,"Zoned Schools: Timbercrest Elementary School, Galaxy Middle School, and Deltona High School."
HARD,school_steering,304 Grand Valley Dr.,Lake Mary,aa5baf1e-79dd-4a0f-bb40-da8d33b45e83,,"Conveniently located just minutes from I-4, shopping, dining, and entertainment, this home is also zoned for top-rated schools: Woodlands Elementary, Markham Woods Middle, and Lake Mary High School."
HARD,school_steering,3064 Irish Peach Dr,Winter Garden,efeec7b9-f9be-4a25-ab99-6144c2cb75b6,,"Welcome to this luxurious 5 bedroom, 4.5 bathroom single-family pool home located in the highly desirable master planned community of Orchard Hills in Winter Garden — just moments from Hamlin, The Grove, top-rated school"
HARD,school_steering,310 Reed Grass Circle,Oviedo,556c0a50-9455-4abe-9bac-aecdfb9de56b,,"Zoned for Rainbow Elementary School, Indian Trails Middle School and Oviedo High School."
HARD,school_steering,3132 South Bumby Ave,Orlando,19a71ccb-ae46-48c6-affc-654e16daa64b,,"Zoned for BLANKNER Elementary School, BLANKNER Middle School and BOONE High School."
HARD,school_steering,314 E Harwood St #1,Orlando,6f050684-1a60-46b2-a81a-791f405e359e,,The unit is zoned for Orange County Public Schools: Lake Como School K-8 and Edgewater High School.
HARD,school_steering,314 E Harwood St #2,Orlando,2039e397-c067-4c12-9888-a434be775b8b,,The unit is zoned for Orange County Public Schools: Lake Como School K-8 and Edgewater High School.
HARD,school_steering,320 Killarney Drive,Winter Park,bdaf43d7-2ef0-4131-b4a2-32bd254f1ec7,,"Zoned for Killarney Elementary School, College Park Middle School and Edgewater High School."
HARD,school_steering,3200 Hughey St,Sanford,7158ef2e-6d8e-49c7-977c-95e772e2e9df,,"Top-Tier Schools: Zoned for the highly-regarded Seminole County Public Schools (Hamilton Elementary, Millennium Middle, and Seminole High)."
HARD,school_steering,3204 Herons Point Cir,Kissimmee,e4acece1-cdc6-4c6f-a8ac-6bb6e0df7bec,,Hospitals & Top-Rated Schools
HARD,school_steering,323 Arbor Lakes Circle,Sanford,b0f2bc46-d4a9-4d73-9d7e-0fbe11f97d22,,"Zoned for Region 1 Elementary School, Sanford Middle School and Seminole High School."
HARD,school_steering,325 Arbor Lakes Cir,Sanford,d28f538f-7f8a-4c0f-9696-f3bbd9426897,,"Zoned for Region 1 Elementary, Sanford Middle School, and Seminole High School."
HARD,school_steering,325 Wilton Cir,Sanford,450b77c4-c4da-43af-96b7-609c6f6a0c14,,"School Zoning & Management: Top-Rated Schools: Zoned for Wicklow Elementary, Millennium Middle, and Seminole High Schools."
HARD,school_steering,3309 Messina Drive,Lake Mary,3c4570f3-4927-4ca8-a772-2165a8ccbc1c,,"Zoned for Crystal Lake Elementary School, Millennium Middle School, and Seminole High School."
HARD,school_steering,3340 Alena Court,Winter Park,394ed09a-ffdd-40b6-b0a8-03013a3d856f,,"Zoned for Eastbrook Elementary School, Tuskawilla Middle School, and Lake Howell High School."
HARD,school_steering,337 Grove Avenue,Winter Park,90fffd97-5ed4-41fa-85b7-d3409812bdfd,,"Close to Assigned Schools Edgewater High School, Killarney Elementary School, Robert E Lee Middle School and Cornerstone Academy Charter"
HARD,school_steering,3372 River View Way,Winter Park,e63d4bbc-21bd-4da9-9fb2-ee715eb1f15c,,"Zoned for Aloma Elementary School, Glenridge Middle School and Winter Park High School."
HARD,school_steering,3422 Orange Rose Loop,Apopka,6e7fcfd4-749d-48cc-a72f-85f4a493b8df,,"The community offers quick access to Greater Orlando via the SR-429/Kelly Park interchange, while nearby outdoor recreation, shopping, dining, and top-rated schools make this an exceptional place to call home."
HARD,school_steering,343 Carina Circle,Sanford,03a08028-9d1e-441d-bfcb-088aa01dd1e2,,"Zoned for Region 3 Elementary School, Sanford Middle School, and Seminole High School."
HARD,school_steering,345 Placid Lake Dr.,Sanford,ebc26484-f807-4ecc-aed4-0a469128ac2a,,"Zoned for Region 2 Elementary Schools, Millenium Middle School and Seminole High School."
HARD,school_steering,3451 Hunt Ln,Oviedo,83a7faf4-bd95-4c35-aff4-26e54f83ca70,,"Plus, this home is zoned for top-rated schools: Carillon Elementary, Jackson Heights Middle School, and Hagerty High School."
HARD,school_steering,3525 Meadow Breeze Loop,Ocoee,de9b7e36-a309-40ae-bfd0-66d14282d938,,"This home is located in the Claracona Elementary, Ocoee Middle, and Ocoee High School districts."
HARD,school_steering,3651 N. Goldenrod Road #C206,Winter Park,5d932bec-8091-42b9-9f9c-f0398e6f3e8e,,"Zoned for top-rated schools: Winter Park High School, Glenridge Middle School, and Aloma Elementary."
HARD,school_steering,3651 Oakdale Cir APT 105,Oviedo,914b9807-3816-4301-9266-52d18ed3e456,,"Located in the heart of Oviedo, this community is zoned for highly-rated Seminole County schools, including Carillon Elementary, Jackson Heights Middle, and Hagerty High School."
HARD,school_steering,371 Placid Lake Drive,Sanford,28870318-7b0a-4e7e-998c-a249da481b42,,"The home is zoned for highly rated Seminole County schools: Region 2 Elementary, Millennium Middle School, and Seminole High School."
HARD,school_steering,3720 Messina Dr,Lake Mary,4b28c93d-73b2-4e67-8669-f0c6b04e1aff,,"Zoned for Crystal Lake Elementary School, Millennium Middle School, and Seminole High School."
HARD,school_steering,3806 -3808 W El Prado Blvd,Tampa,00c2e4d0-c82e-4f23-b259-be6778ebfdf7,,"Enjoy living in a highly desirable school district with a strong community feel, tree-lined streets, and everything you need just moments away."
HARD,school_steering,3906 Angola Ln,Sanford,a1bde8d3-5394-4e58-a1ba-1d4d1727c0f2,,"Situated in a prime location, this home is less than five minutes from Publix, making grocery shopping a breeze, and is conveniently close to top-rated schools, making it an ideal choice for families."
HARD,school_steering,3970 Lancashire Ln,Longwood,df7ca452-020a-4059-85b0-2af7c70acbb5,,"Wekiva Springs State Park is just around the corner, and the area is served by excellent schools."
HARD,school_steering,4010 San Gallo Dr,Kissimmee,6799fc69-f989-4da6-afd9-2f13faeee1f6,,"Ideally located just minutes from theme parks, dining, shopping, and more, and zoned for Kissimmee Elementary and Middle Schools and Celebration High School."
HARD,school_steering,4036 Messina Drive,Lake Mary,aeab35c7-985a-4072-9876-8bf6b7088845,,"Zoned for Crystal Lake Elementary School, Millennium Middle School, and Seminole High School."
HARD,school_steering,404 E. 14th Street,Sanford,bedfc9a6-fb86-491e-b10b-8a469b3f02b2,,"Zoned for Region 3 Elementary School, Sanford Middle School, and Seminole High School."
HARD,school_steering,404 E. 14th Street,Sanford,a31d232b-1e26-4107-849f-304c4a02172f,,"Families will appreciate the proximity to esteemed educational institutions such as Region 3 Elementary School, Sanford Middle School, and Seminole High School."
HARD,school_steering,404 E. 14th Street,Sanford,6d504c8c-bda8-4ac5-b31f-5624fb1f062e,,"Zoned for Region 3 Elementary School, Sanford Middle School, and Seminole High School."
HARD,school_steering,404 E. 14th Street,Sanford,a8137d29-5a57-4793-9cac-aead50a48d52,,"Zoned for Region 3 Elementary School, Sanford Middle School, and Seminole High School."
HARD,school_steering,404 Wilton Cir,Sanford,ac939ae8-d3f8-4a99-90d5-a863ac9aa2fa,,"This home is zoned for highly-regarded Seminole County Public Schools, including Idyllwilde Elementary School, Sanford Middle School, and Seminole High School."
HARD,school_steering,405 Andes Avenue,Orlando,eb2b9fd6-267f-4f13-9b04-c92454eb8f54,,"Zoned for Dover Shores Elementary, Jackson Middle, and Boone High School."
HARD,school_steering,405 NE Avenue M,Winter Haven,9b35b12a-fe80-4c76-8425-6962eb48e1e2,,"Prime Location: Off Highway 17 for easy commuting, with nearby schools: -Garden Grove Elementary School -Denison Middle School -Winter Haven Senior High School"
HARD,school_steering,407 S Hawthorn Cir,Winter Springs,8a3bc192-7175-4f98-9c36-404c2d03059c,,"Zoned for Winter Springs Elementary School, Indian Trails Middle School, and Winter Springs High School."
HARD,school_steering,408 Kays Landing Dr,Sanford,0fcd4ae5-b5fb-4714-844b-ada33cb060f8,,"Zoned for   Region 1 Elementary, Sanford Middle, and Seminole High School."
HARD,school_steering,4082 Sapsucker Loop,Sanford,d02b41bb-e59c-4447-b805-a7b776216288,,"Zoned for Sanford Middle School and Seminole High School, this property is professionally managed by Atrium Management."
HARD,school_steering,413 S. Netherwood Crescent,Altamonte Springs,d20b4136-db14-424b-8183-c00f33c4542e,,"Zoned for Milwee Middle School, and Lyman High School."
HARD,school_steering,418 Brentwood Club Cove,Longwood,1be6370f-330f-4b46-953b-3937bdc9ee22,,"Conveniently located near A-rated schools, shopping, dining, and major roadways."
HARD,school_steering,426 Cape Honeysuckle Pl,Sanford,ba52998d-68e0-4216-a92d-4e998592cc83,,"Zoned for Wilson Elementary School, Markham Woods Middle School, and Seminole High School."
HARD,school_steering,426 Davis Drive,Orlando,957525c0-ad3b-45f5-a5e8-1df2adff9cbb,,Zoned for Lake Como School and Edgewater High School.
HARD,school_steering,4401 Messina Drive,Lake Mary,a4dea154-dfe1-4631-95b5-00fed3f1abe0,,"Zoned for Crystal Lake Elementary School, Millennium Middle School, and Seminole High School."
HARD,school_steering,46 Narcissus Dr,Debary,dbe61a3e-34e3-4d3f-8223-bf18b62d6ab1,,"Located in DeBary, this home is zoned for Enterprise Elementary School, River Springs Middle School, and University High School."
HARD,school_steering,474 Hunter Cir,Kissimmee,b6c11dfc-70cb-4754-b380-6618bfb76d5c,,"Conveniently zoned for Osceola County Schools—Koa Elementary, Discovery Intermediate, and Poinciana High School."
HARD,school_steering,"4814 Lighthouse Circle,  Unit #36",Orlando,a68e7afc-ce65-4a9d-a7b3-5fb8b9ed7fde,,"Zoned for Rosemont Elementary School, College Park Middle School, and Maynard Evans High School."
HARD,school_steering,4854 Lark Drive,St. Cloud,e59e63fc-b4df-408c-8f3f-f756391c1b94,,"Zoned for Hickory Tree Elementary School, Canoe Creek Charter Academy School and Harmony High School."
HARD,school_steering,4930 Shoreline Cir,Sanford,211aad3b-b252-49e0-85f0-a948539a2fad,,"Zoned for Region 1 Elementary School, Sanford Middle School and Seminole High School."
HARD,school_steering,4940 San Marino Circle,Lake Mary,b8935085-08fe-4cb8-b107-1b9d019be2dd,,"Zoned for Crystal Lake Elementary School, Millennium Middle School, and Seminole High School."
HARD,school_steering,497 Cruz Bay Circle,Winter Springs,d51eccc8-ba47-49d1-a8b9-4462df01b643,,"Zoned for Layer Elementary School, Indian Trails Middle School, and Winter Springs High School."
HARD,school_steering,5026 Falmouth Dr,Orlando,0f25cf73-0b52-4208-bb15-8f44b20b2502,,"Zoned for Boone High School, Conway Middle School, and McCoy Middle School, this house is perfect for those looking to be in a great school district.."
HARD,school_steering,5030 Maxon Terrace,Sanford,ab8eed2b-d051-4b6d-8dfd-0609b41aa186,,"Zoned for Region 1 Elementary Schools, Sanford Middle School and Seminole High School."
HARD,school_steering,5044 Fiorella Lane,Sanford,fd7e7e71-af52-4379-9ad3-2a849042ada2,,"Zoned for Region 1 Elementary School, Sanford Middle School and Seminole High School."
HARD,school_steering,5119 Ferncrest Dr,Winter Park,c1c2fc31-5d40-444c-a210-4ca223779844,,"This home is zoned for excellent schools, including Lake Howell High School, Tuskawilla Middle School, and Eastbrook Elementary, making it an ideal choice for families seeking quality education."
HARD,school_steering,5130 Hawkstone Drive,Sanford,81509cb8-ec4d-4736-8dd2-976b22387dd6,,Zoned for Sanford Middle and Seminole High Schools.
HARD,school_steering,522 Villa Del Sol Circle,Orlando,9b1413cd-5e35-4225-b020-ffa0228dc701,,"Zoned for Meadow Woods Elementary School, Meadow Woods Middle School and Cypress Creek High School."
HARD,school_steering,527 Cidermill Place,Lake Mary,3ede45a7-09ba-4c27-81fb-b495c08a83ae,,"Plus, it's zoned for esteemed schools including Lake Mary Elementary School, Greenwood Lakes Middle School, and Lake Mary High School."
HARD,school_steering,5297 Maxon Terrace,Sanford,05eaabd1-d1c8-4654-bfb2-bfd2b5e9d510,,"Zoned for Lake Mary Elementary, Greenwood Lakes Middle, and Lake Mary High School."
HARD,school_steering,530 Cranes Way,Altamonte Springs,b90a961f-9c90-479d-8a3e-7259251453a5,,"Zoned for Altamonte Elementary School, Milwee Middle School and Lyman High School."
HARD,school_steering,5313 Lake Bluff Terrace,Sanford,53a842f3-12f5-4c6e-9fab-8cad5941cf2c,,"Zoned for Region 1 Elementary School, Sanford Middle School, and Seminole High School."
HARD,school_steering,5405 Napoli Cove,Lake Mary,4310e451-dfe8-4e9b-a068-ccb0c007c266,,"Region 2 school zone, Millennium Middle School, and Seminole High School."
HARD,school_steering,5435 Via Appia Way,Sanford,fcb6d13c-98d5-4c8d-b7ac-0b0ac46468fb,,"Zoned Schools: Region 1 Elementary School, Sanford Middle School, and Seminole High School."
HARD,school_steering,546 Heatheroak Cove,Altamonte Springs,6279b9b1-fef2-4f6e-a886-2f2d200beab5,,"Zoned for All ""A"" rated Seminole County Schools: Bear Lake Elementary, Teague Middle and Lake Brantley High."
HARD,school_steering,549 Elmcrest Place,Debary,232014d5-e503-480b-a0c6-8fedd7a6a3ca,,"Zoned for Debary Elementary, River Springs Middle, and University High Schools."
HARD,school_steering,5557 Berwood Dr,Orlando,3f575a12-ae5c-4478-bf60-06cd6f40a094,,"Zoned for Lockhart Elementary, Lockhart Middle, and Wekiva High Schools."
HARD,school_steering,561 Birgham Pl,Lake Mary,382b68dd-8875-452a-89d3-776c23eff2ba,,It is zoned for Lake Mary High School and is professionally Leased and Managed by Atrium Management.
HARD,school_steering,5629 Siracusa Ln,Sanford,009ebd4f-0615-4946-a830-9441496b6df5,,"Zoned for Region 1 Elementary School, Sanford Middle School, and Seminole High School."
HARD,school_steering,566 Shining Armor Lane,Longwood,e8fbdd99-6ef6-43b8-a1a1-88eb3657e35f,,"Zoned for Sabal Point Elementary School, Teague Middle School, and Lyman High School."
HARD,school_steering,584 Piazza Point,Oviedo,5c75f093-06de-4d2f-8927-000deff3d00a,,"This address is zoned for Oviedo high school, Jackson heights Middle, and Lawton elementary."
HARD,school_steering,599 Pensacola Lane,Lake Mary,c6f6000c-c965-46bf-90bc-746aed0c7b5a,,"Zoned for Region 2  Elementary Schools, Millenium Middle School and Seminole High School."
HARD,school_steering,6031 Bimini Twist Loop,Orlando,8633f2a0-6b57-41f3-b959-a02c20515690,,"Located just minutes from Universal Orlando Resort, Southwest Middle School, and Dr."
HARD,school_steering,6031 Bimini Twist Loop,Orlando,8633f2a0-6b57-41f3-b959-a02c20515690,,"Phillips High School, this home is also close to the area's best shopping and dining at the Marketplace at Dr."
HARD,school_steering,611 E. Amelia Street,Orlando,d588ac42-b149-4491-bd17-56beb22174a5,,"Zoned for Lake Como Elementary, Howard Middle, and Edgewater High Schools."
HARD,school_steering,6153 Metrowest Blvd,Orlando,4c033d18-87ee-490d-be7b-53f024e1f527,,"Schools are zoned for Westpointe Elementary, Chain of Lakes Middle School and Olympia High School."
HARD,school_steering,616 Iris St,Altamonte Springs,0c7ddeb7-9ebd-4bc6-b954-fddff69b3cb7,,Zoned for Lake Brantley High School.
HARD,school_steering,620 Florida Street,Orlando,93171002-2a9c-47e9-b0fc-a453970c4c09,,"Zoned for Blankner Elementary School, Blankner Middle School and Boone High School."
HARD,school_steering,620 Florida Street,Orlando,f5f2075d-9582-4254-848f-ffad1a7bfa88,,"Zoned for Blankner Elementary School, Blankner Middle School and Boone High School."
HARD,school_steering,620 Florida Street,Orlando,93250fa0-2bfa-4deb-96f3-380d8d9698ac,,"Zoned for Blankner Elementary School, Blankner Middle School and Boone High School."
HARD,school_steering,630 Broadoak Loop,Sanford,41882ce2-ddde-44e9-88ff-3f5901b6cd54,,"Zoned Schools: Region 1 Elementary, Sanford Middle, and Seminole High School."
HARD,school_steering,630 Kenwick APT 102 Cir,Casselberry,525c56cf-eae2-4d12-9c7e-8fdfd984cac1,,"Plus, benefit from the reputable Lake Howell High School zoning."
HARD,school_steering,630 Linda Ct,Palm Harbor,865c4f45-98b7-42c0-80e9-22c6c2ff66bf,,"Plus, with easy access to public transit, shopping, dining, and top-rated schools, you’ll have everything you need right at your fingertips."
HARD,school_steering,6330 Plymouth Sorrento Rd,Apopka,b40f0981-b193-406f-9bf9-7f9fb72c60ca,,"Zoned for Apopka High School, Wolf Lake Middle School and Zellwood Elementary School."
HARD,school_steering,6344 Kearce St,Orlando,74275a82-39c7-4a5b-97bc-053a8367265a,,"Centrally located near restaurants, shopping, with easy access to expressways this home is zoned for Englewood Elementary School, Roberto Clemente Middle School, and Colonial High School."
HARD,school_steering,647 Allerton Way,Sanford,2ab608f0-866a-40cb-9c42-6ad408c9c1cb,,"Zoned for Region 1 Elementary School, Sanford Middle School and Seminole High School."
HARD,school_steering,663 Red Wing Dr.,Lake Mary,450a92de-ed54-417b-8f3a-ea6ad6282c89,,"Zoned for Region 2 Elementary School, Millennium Middle School and Seminole High School."
HARD,school_steering,6634 Duncaster St,Windermere,54e582a2-b61f-42db-b770-3f061894f7fe,,"Located near top-rated schools, and close to restaurants, markets, shopping, and major highways, this home offers both convenience and a wonderful lifestyle."
HARD,school_steering,686 Roaring Drive #342,Altamonte Springs,15f5b8fd-848c-44d2-a16a-43ad00447606,,"Zoned for Forest City Elementary School, Teague Middle School and Lake Brantley High School."
HARD,school_steering,695 Youngstown Parkway,Altamonte Springs,c1b1a6e9-7b88-4afd-9011-57504000c6b4,,"Zoned Schools: Forest City Elementary School, Teague Middle School, and Lake Brantley High School."
HARD,school_steering,710 Stanley Ave,Wildwood,3cde5b8e-c244-48e2-96e6-eddb530d4787,,School Zoning: Wildwood Elementary School and Wildwood Middle/High School (Buyers are encouraged to verify school boundaries with the Sumter County School District.)
HARD,school_steering,715 Warrenton Road,Winter Park,ae98d400-db16-4b70-b988-48a000f10e31,,"Conveniently located near shopping, dining, major roadways, and top-rated schools, this home provides easy access to everything Winter Park and the surrounding Orlando area have to offer."
HARD,school_steering,72 Las Brisas Way,Kissimmee,9b05cbcf-f65c-4822-8325-e6d08d96e961,,"Families will appreciate being zoned for nearby schools, including Cypress Elementary School, Parkway Middle School, and Tohopekaliga High School."
HARD,school_steering,72 Las Brisas Way,Kissimmee,9b05cbcf-f65c-4822-8325-e6d08d96e961,,School assignments should always be verified with the Osceola County School District.
HARD,school_steering,720 Buena Vista St,Lakeland,dae4c2fc-156d-4635-9461-136c90da3f46,,"Schools nearby are North Lakeland Elementary School of choice, Lake Gibson Middle, and Tenoroc High."
HARD,school_steering,755 Musago Run,Lake Mary,e1eebdb8-c36b-45ba-9522-eecb7b43988f,,"Zoned for Region 2 Elementary School, Millennium Middle School, and Seminole High School."
HARD,school_steering,7555 Loon Avenue,Winter Garden,b309ede7-9762-4ce0-a6c1-ef897c76909e,,"Zoned for Independence Elementary, Bridgewater Middle, and Windermere High Schools."
HARD,school_steering,7619 Simms Ave,Orlando,fce04623-a1b8-4a60-bfad-1aeb4b0a8498,,"Zoned for Shenandoah Elementary School, Conway Middle School and Oak Ridge High School."
HARD,school_steering,786 Oak Burl Ct,Sanford,3d7e16b6-0731-43bd-8ae4-28dae01cdb8e,,"For families, the assigned public schools are Bentley Elementary School, Sanford Middle School, and Seminole High School."
HARD,school_steering,787 Shropshire Lp,Sanford,b71d4967-5af5-4856-9fc3-63b7709feba1,,"Zoned for Bentley Elementary OR Idyllwilde Elementary OR Wilson Elementary, Sanford Middle School and Seminole High School."
HARD,school_steering,804 E. 8th Street,Sanford,f175f6fb-0f0b-4f75-bd0f-698daabf4f2b,,It is zoned for Seminole High School and is professionally Leased and Managed by Atrium Management.
HARD,school_steering,804 Osprey Nest Pt,Sanford,cffccf08-678c-4f4f-82bd-939a7d95c781,,"Zoned for Region 3 Elementary Schools, Millennium Middle School and Seminole High School."
HARD,school_steering,805 Buckie Dr,Winter Springs,33f5bc9c-f3bc-4e56-929b-2a06ec980912,,A Rated Schools: Your home is zoned for the prestigious Seminole County Public Schools.
HARD,school_steering,805 Buckie Dr,Winter Springs,33f5bc9c-f3bc-4e56-929b-2a06ec980912,,"Highlands Elementary (rated 7/10) is a quick 0.2-mile stroll away, while Indian Trails Middle and Winter Springs High School offer top-tier education for older students."
HARD,school_steering,820 Camargo Way,Altamonte,7d8f2cf5-da46-4590-9cfe-57e88afc333f,,"Zoned for Spring Lake Elementary School, Teague Middle School and Lake Brantley High School."
HARD,school_steering,821 Lobelia Dr,Lake Mary,7c98b202-faa4-457c-a0fc-9d0ef93b08b8,,"For families, the schools zoned for this address are Bentley Elementary School, Sanford Middle School, and Seminole High School."
HARD,school_steering,822 Camargo Way,Altamonte,0e3dcdb6-4cc8-499c-a323-b6b1c4039a19,,"Zoned for Spring Lake Elementary School, Teague Middle School and Lake Brantley High School."
HARD,school_steering,824 Wood Briar Loop,Sanford,b08902fd-59f9-4d01-9a31-b648d222b1a5,,"Situated just minutes from Lake Mary, this home offers easy access to top-rated schools, shopping, dining, and entertainment."
HARD,school_steering,824 Wood Briar Loop,Sanford,b08902fd-59f9-4d01-9a31-b648d222b1a5,,"Zoned for Region 1 Elementary School, Sanford Middle School and Seminole High School."
HARD,school_steering,831 Camargo Way #306,Altamonte,4b0574d5-d096-47ad-8280-b88ce8f560c8,,"Zoned for Spring Lake Elementary School, Teague Middle School and Lake Brantley High School."
HARD,school_steering,8400 Pippen Dr,Orlando,afa86428-41d9-4664-8658-770b8cfbdb91,,"Located in a gated community near top-rated schools, upscale shopping, and fine dining, this home perfectly blends luxury, comfort, and convenience."
HARD,school_steering,841 Seminole Avenue,Longwood,f1487f36-a3fa-4f45-8668-3d2ddb3aaa0f,,"Zoned for Longwood Elementary School, Milwee Middle School, and Winter Springs High School."
HARD,school_steering,8423 Randal Park Blvd.,Orlando,3e52f879-bd47-4b6c-b250-a5909fa4e619,,"Zoned for Sun Blaze Elementary School, Lake Nona Middle School and Lake Nona High School."
HARD,school_steering,8454 Sperry St,Orlando,a21385d6-f9cb-4cb1-be84-1c06cdce692a,,"Nestled in the heart of Lake Nona, this home is just minutes from Medical City, the USTA National Campus, premier shopping and dining, highly rated schools, Orlando International Airport, major highways, and Central Flor"
HARD,school_steering,856 Grand Regency Pointe,Altamonte Springs,2e202fb4-cdd1-42c8-b0bb-55bd0266d6ef,,"This home is zoned for Bear Lake Elementary, Teague Middle, and Lake Brantley High School."
HARD,school_steering,865 Taramundi Dr,Oviedo,d8c1fdbd-4812-4f61-b6d3-001486b37d1e,,"Located for ease and accessibility, the property is zoned for respected Seminole County Public Schools, including Evans Elementary, Jackson Heights Middle, and Oviedo High School."
HARD,school_steering,869 Brutus Terrace,Lake Mary,33df8001-b35e-4009-9077-5d5ff0ae58b7,,"All of this in a prime location, just minutes from I-4 and 417, top-rated schools, shopping, dining, and entertainment—offering a truly convenient and upscale lifestyle."
HARD,school_steering,870 Farrington Drive,Deltona,1b2cbbfc-a479-4926-8f76-67c15ee611d8,,"Zoned for Forest Lake Elementary School, Deltona Middle School and Deltona High School."
HARD,school_steering,8732 Dufferin Lane,Orlando,6b714667-a8ae-45f8-b3d5-64dd1323bced,,"Zoned for Sun Blaze Elementary School, Lake Nona Middle School and Lake Nona High School."
HARD,school_steering,903 Charo Pkwy Unit 836,Davenport,42af0650-4859-4262-adf6-c0804dcc4744,,Nearby Schools: Elementary & Middle - Citrus Ridge: A Civics Academy Ridge Community High School
HARD,school_steering,905 Pickfair Ter,Lake Mary,3201dc41-dde4-49fd-aaea-a1bd3d540128,,"Zoned for Region 2 Elementary Schools, Millennium Middle School, and Seminole High School."
HARD,school_steering,911 N Orange Avenue APT 112,Orlando,e83c8e5f-b0c5-4ba3-90a5-ffa3d90827d4,,"Zoned Schools: Princeton Elementary, College Park Middle, and Edgewater High School."
HARD,school_steering,912 Covington Ct,Rockledge,9433cead-bce6-4b6a-abd7-379b34495bdd,,Zoned for Elementary: Andersen Middle: Kennedy High: Rockledge.
HARD,school_steering,9137 Grand Island Way,Winter Garden,6cc60408-c803-4cc2-9447-e57fd38e607a,,"Located just minutes from shopping, dining, parks, top-rated schools, and all that Winter Garden has to offer, this home combines modern comfort with an unbeatable location."
HARD,school_steering,915 Pine Street,Titusville,12dfa3c3-61e1-4d8b-8544-c20fecfa33a5,,"Zoned for Mims Elementary School, and Astronaut High School."
HARD,school_steering,919 Pine Street,Titusville,b103ddf5-010b-46b5-a6cc-83f784a53592,,"Zoned for Mims Elementary School, and Astronaut High School."
HARD,school_steering,933 Ponderosa Pine Ct.,Orlando,ab9c11a3-1f5c-4a27-bd9a-5fe3d977663f,,"A must-see property, conveniently located just minutes from shopping, dining, major roadways, and top-rated schools—making it an ideal spot for comfort and convenience."
HARD,school_steering,935 Shriver Cir,Lake Mary,0c0f7538-3a02-491f-90fd-8b374b253b1c,,"Ideally situated just minutes from Lake Mary’s popular shops and restaurants, this home is zoned for Lake Mary Elementary, Markham Woods Middle, and Lake Mary High."
HARD,school_steering,974 Leeward Pl #104,Altamonte Springs,36cc74d2-1392-4e57-8821-8586e4209422,,"Ideally located near Seminole State College, major shopping, dining, entertainment, public transportation, and top-rated schools, this home offers an unbeatable lifestyle in a quiet, friendly community."
HARD,school_steering,Barna Apartments,Titusville,0c8ce6c0-bba8-457d-8921-4ff1aaafd438,,"Zoned for Coquina Elementary School, Andrew Jackson Middle School, and Titusville High School."
HARD,school_steering,CIRC5,Melbourne,b33dafdd-f2fc-49e9-8788-bbb7988c212d,,"Zoned for Herbert C Elementary School, Harbor City Elementary School and Melbourne Senior High School."
HARD,school_steering,CIRC7,Melbourne,78808bf5-0214-41a2-8daf-dd0ecac4df43,,Zoned for Herbert C.
HARD,school_steering,CIRC7,Melbourne,78808bf5-0214-41a2-8daf-dd0ecac4df43,,"Hoover Middle School, Harbor City Elementary, and Melbourne Senior High School."
HARD,school_steering,Dharma Apartments,Orlando,70eb6d7c-8ecc-4f2e-999f-3fcdac0c2ba3,,Steps away from Edgewater High School.
HARD,school_steering,Dharma Apartments,Orlando,70eb6d7c-8ecc-4f2e-999f-3fcdac0c2ba3,,Zoned for Lake Silver Elementary School and Lee Middle School.
HARD,school_steering,Dharma Apartments,Orlando,70eb6d7c-8ecc-4f2e-999f-3fcdac0c2ba3,,Convenient walking distance to Edgewater High School.
HARD,school_steering,Dharma Apartments,Orlando,228a09e9-7463-4059-b4c2-c8477b62a381,,"Zoned for Lake Silver Elementary School, Lee Middle School and walking distance to Edgewater High School."
HARD,school_steering,GEOR1527,Orlando,26961f94-abad-41bd-a2c3-5f1b02fbd959,,- Lake Como Elementary School
HARD,school_steering,GEOR1527,Orlando,26961f94-abad-41bd-a2c3-5f1b02fbd959,,- Howard Middle School
HARD,school_steering,GEOR1527,Orlando,26961f94-abad-41bd-a2c3-5f1b02fbd959,,- Boone High School
HARD,school_steering,Myrtle Ave Apartments,Sanford,4392df9a-d6c6-43dd-9920-83df96e5e766,,"Zoned for Pine Crest Elementary, Millennium Middle, and Seminole High School."
HARD,school_steering,Salisbury Apartments,Deland,3a3648af-71c6-4987-a071-857c5b86f390,,"Zoned for Blue Lake Elementary School, DeLand Middle School, and DeLand High School."
HARD,school_steering,Salisbury Apartments,Deland,f8a9c292-b8f9-484c-b8d8-bb345aa01d5b,,"Zoned for Blue Lake Elementary School, DeLand Middle School, and DeLand High School."
HARD,school_steering,The Carl,Orlando,87b87792-57f8-441e-808a-87c2ae151eb8,,"Excellent Schools: Situated within the Lake Silver Elementary, Lee Middle, and a short stroll to Edgewater High School zones."
HARD,school_steering,The Carl,Orlando,11c9f93a-a559-43c1-b967-3242f6e6ef29,,"Location & Community Perks Situated in a prime Orlando location, this property offers unmatched access to local amenities and top-rated schools:"
HARD,school_steering,The Carl,Orlando,11c9f93a-a559-43c1-b967-3242f6e6ef29,,"Top-Tier School Zoning: Lake Silver Elementary, Lee Middle School, and walking distance to Edgewater High School."
HARD,school_steering,The Lofts at Concord,Orlando,a15e72c2-5fc0-4131-8e9d-a13e2ebde2e6,,"Zoned for Lake Como Elementary, Lake Como Middle, and Edgewater High Schools."
HARD,school_steering,WMUR61,Orlando,23d8bdc1-f9c0-465e-86c2-9eb5cc2b6e89,,"Located just minutes from local shops, dining, and entertainment, this home is zoned for BlanknerK-8 School, and Boone High School."
BRAND,banned_word,1 West Cary Apartments,Richmond,c7c68793-aa25-4f3c-8a5b-dd1c0640681e,,"Our spacious one-bedroom, one-bathroom apartments combine affordability and convenience with the necessary amenities you seek for your modern lifestyle."
BRAND,banned_word,1 West Cary Apartments,Richmond,6beeb511-9c48-4e30-b682-d0032a33fffe,,"This cozy and modern apartment features one bedroom and one bathroom, perfect for those seeking a comfortable and affordable living space."
BRAND,banned_word,1061 Charter Oak Lane,Altamonte Springs,2a0d0989-d9e7-4696-b79d-2a98557f9ff8,,"Located just minutes from local shops, restaurants, and major roadways, this home is ideal for anyone searching for affordable rentals near Altamonte Mall, Uptown Altamonte, and I-4 access—all while enjoying a quiet neig"
BRAND,banned_word,1216 Cloverlawn Ave - A,Orlando,858aa349-b17e-45a0-94b3-46e02ebfb96a,,"Welcome to 1216 Cloverlawn, a cozy and affordable 600 SF duplex unit nestled in the vibrant SoDo District of Orlando."
BRAND,banned_word,1216 Cloverlawn Ave - A,Orlando,858aa349-b17e-45a0-94b3-46e02ebfb96a,,- Affordable Living: Experience the best of Orlando living at a price that won’t break the bank.
BRAND,banned_word,1216 Cloverlawn Ave - B,Orlando,8335602c-d79c-4f13-abe3-18bcf317f60f,,"Nestled in a friendly community, this home is ideal for individuals or couples seeking an affordable living option without sacrificing the essence of a personal touch."
BRAND,banned_word,2203 Silver Pines Pl #601,Orlando,dd48c861-25e1-4c0a-af55-bdac81e1ba20,,"Welcome home to this inviting 3-bedroom, 1-bath condo offering the perfect blend of space, functionality, and affordability."
BRAND,banned_word,2252 Weber St,Lakeland,91a51e13-4781-4b49-ac2e-edf1ba8c2ab3,,"This home has everything you need at an affordable price comfort, privacy, and space."
BRAND,banned_word,405 NE Avenue M,Winter Haven,9b35b12a-fe80-4c76-8425-6962eb48e1e2,,"Water is included in the rent, making this home both convenient and affordable."
BRAND,banned_word,517-B Blackbird Lane,Poinciana,80ec6efc-c0e1-4623-843e-371d3172e0bb,,"Prime Poinciana Location: Conveniently located just minutes from local shops, restaurants, and everyday essentials, this home is perfect for those looking for affordable rentals near central Poinciana amenities while enj"
BRAND,banned_word,5325 Curry Ford Rd Unit B201,Orlando,1a7bd754-f67d-4ee4-bb35-9b9ae5cf7905,,"This charming second-floor unit offers the perfect blend of affordability, comfort, and prime location."
BRAND,banned_word,5420 Tessin Trl,Saint Cloud,0829539d-6f04-46c5-9e59-4bf99945fb8e,,"If you’re searching for a single-family rental near Lake Nona, an affordable home for rent in Saint Cloud, FL, or a quiet neighborhood with modern accessibility, this home is an excellent choice."
BRAND,banned_word,Champions Village,Kissimmee,c2566f88-f68f-4355-9adf-0080fc4d8a93,,Discover affordable luxury and unbeatable value at Champions Village.
BRAND,banned_word,Champions Village,Kissimmee,c3e99e98-6885-4d84-9009-ab840b64c11d,,Discover affordable luxury and unbeatable value at Champions Village.
BRAND,banned_word,Champions Village,Kissimmee,2170466b-173c-4e48-a45a-bf3f689b4f62,,Discover affordable luxury and unbeatable value at Champions Village.
BRAND,banned_word,Champions Village,Kissimmee,647eb5c8-b68e-47a8-b744-9791208c86c1,,Discover affordable luxury and unbeatable value at Champions Village.
BRAND,banned_word,Crossings at Conway,Orlando,2fbc8d71-9e2c-4241-8c81-5e40992fc456,,"With easy access to major roadways and everyday essentials nearby, Crossings at Conway provides an ideal blend of comfort, convenience, and affordability in a highly sought-after location."
BRAND,banned_word,Crossings at Conway,Orlando,1201dda5-54e4-4b26-ad9a-68434dd26fbf,,"Come see this affordable two- bedroom one-bath in Orlando, FL."
BRAND,banned_word,GEOR1527,Orlando,26961f94-abad-41bd-a2c3-5f1b02fbd959,,"If you’re searching for an affordable rental near Downtown Orlando with neighborhood charm, this home checks all the boxes."
BRAND,banned_word,Harwood,Orlando,248eda02-ada8-432b-ac29-467e66127e9e,,**Cozy & Affordable Retreat in the Heart of Orlando - 317 E.
BRAND,banned_word,Harwood,Orlando,248eda02-ada8-432b-ac29-467e66127e9e,,"Perfect for those who crave character and convenience, this budget-friendly gem is ready to be your launchpad to the vibrant pulse of the city."
BRAND,banned_word,Harwood,Orlando,248eda02-ada8-432b-ac29-467e66127e9e,,Don’t sleep on this rare find—affordable living this close to Downtown Orlando doesn’t come around often.
BRAND,banned_word,Keys at Wildwood,Oxford,955b448f-a7d1-4904-8550-44095325e930,,Are you looking for an affordable luxury rental near The Villages?
BRAND,banned_word,Keys at Wildwood,Oxford,c87d7ccb-bb47-45a3-bc90-2826c57c7d48,,Are you looking for an affordable luxury rental near The Villages?
BRAND,banned_word,Lake Tyler Manor,Orlando,d34368da-d24b-4cda-b42e-7ef2fb9eeef2,,Hassle-Free Living & Exceptional Value We make renting easy and affordable.
BRAND,banned_word,Mirabella Apartments,Gainesville,404fb76e-b5da-4060-ba4b-c4fdd9c46967,,LOWEST PRICE OF SUMMER!!!
BRAND,banned_word,Mirabella Apartments,Gainesville,aaac487a-843a-4217-8e6c-b9590af076e9,,LOWEST PRICE OF SUMMER!!!
BRAND,banned_word,Napiers Cir.,Orlando,90791133-34e0-4cf8-891a-bbc587b60f09,,Affordable Living Near UCF!
BRAND,banned_word,Napiers Cir.,Orlando,90791133-34e0-4cf8-891a-bbc587b60f09,,Incredible Price: Take advantage of this rare opportunity to live so close to UCF at an affordable rate.
BRAND,banned_word,North Pointe Place,Orlando,f2e69426-808f-41ad-9960-4d0a4d5cb61d,,"Affordable, move-in-ready rentals near the AdventHealth complex go fast!"
BRAND,banned_word,Salisbury Apartments,Deland,117ae2a5-527f-4354-baac-e0a43b5a527e,,Affordable Living: Enjoy the benefits of a newly renovated studio apartment without breaking the bank.
BRAND,banned_word,San Leon,Sanford,da92d6f8-dd2c-4d08-8bb8-17c5bc057e0b,,"Additionally, this apartment comes with a convenient, affordable storage room, allowing you to keep additional belongings organized and easily accessible."
BRAND,banned_word,Stetson Apartments,Deland,bda7c1c7-638d-4b9c-b68c-b7e02e87aac0,,Affordable Living: An excellent opportunity for budget-conscious individuals seeking a downtown lifestyle.
BRAND,banned_word,Stetson Apartments,Deland,cbf55946-2fab-4b32-9798-b1fd18caf3c5,,"- Affordable Living: At just $1,100 per month, this is an incredible opportunity to live in a prime location without breaking the bank."
SOFT,phone,1026 12th St N,St. Petersburg,e2d33c2b-92e4-404f-9ee6-12ee6bbae537,,813-787-4477 or 813-553-3444!
SOFT,phone,1028 Cranberry Rd SE,Palm Bay,16f8274d-843f-4602-b10a-aae650995662,,Call (407) 585-2721  for your private tour.
SOFT,phone,1028 Pavia Dr,Apopka,7ce723d5-9c0f-4ec5-b01a-53b42ae1a6c5,,407-585-2721.
SOFT,phone,103 Vista Verdi Cir #309,Lake Mary,d04f56d7-cd84-460a-ac48-1f18c082f1e4,,"Professionally leased by Atrium Management, Call 407-585-2721 today for an appointment to view this beautiful condo."
SOFT,phone,106 Sycamore Ct,Sanford,0cd6233b-6c04-42e6-ba7f-d47f3875ea41,,Call 407-585-2721 for an appointment to view this property.
SOFT,phone,1102 Levensor Court,Sanford,144f768c-edf8-467c-9960-5a5a71e3b07f,,"Professionally managed by Atrium Management, call 407-585-2721."
SOFT,phone,1123 Travertine Terrace,Sanford,71f9dedf-058e-44de-a257-7eca260f3912,,Call 407-585-2721 today for an appointment to view this beautiful home.
SOFT,phone,1224 Sebastian Cove,Lake Mary,808eaa06-598d-4c33-83cb-62da23954f4e,,"Professionally managed by Atrium Management, Call 407-585-2721 today for a private showing."
SOFT,phone,124 Becket Ln,Heathrow,2d3f69f3-dd64-4dc8-97ca-e1de58d01096,,"Professionally managed by Atrium Management, Call 407-585-2721 today for a private showing."
SOFT,phone,12407 Ballentrae Forest Dr,Riverview,02903c0a-4dd5-488e-aa77-ca1cc956e145,,"Professionally managed by Atrium Management, Call 407-259-8155 today for a private showing."
SOFT,phone,125 Bel Fiore Cove,Sanford,0a076c76-0590-43e5-a380-ea5b5626f26c,,Call 407-585-2721 today for an appointment to view this unit.
SOFT,phone,1280 Katrina Course,Palm Bay,0f1dbde0-203d-40da-92ed-4050a17e09e8,,Professionally managed by Atrium Management Company Call (407) 585-2721 to schedule your in-person showing.
SOFT,phone,13352 Willow Bluestar Loop,Riverview,9cd02b78-e813-4179-98bb-cfae6eb2a147,,"This home is professionally leased and managed by Atrium Management, Call 813-787-4477 today for a private showing."
SOFT,phone,13616 SW 61st Circle,Ocala,b718e8c7-1ee1-4411-963c-8d263077c79c,,904-290-2931
SOFT,phone,137 Villa Di Este Ter,Lake Mary,40d85c0e-e32f-4b70-8c01-536a739bb407,,Contact 407-585-2721 to arrange your private showing.
SOFT,phone,1498 Farrindon Cir,Heathrow,542d8fcb-83b4-4999-aed3-702414f9358e,,Please contact Atrium Management at 407-585-2721 to arrange a showing.
SOFT,phone,1522 Travertine Ter,Sanford,c1fb1181-3fef-4224-9e84-9f069e28a2de,,Call 407-585-2721 today for an appointment to view this beautiful home.
SOFT,phone,1567 Farrindon Circle,Lake Mary,3c0c53ec-f601-4650-86e1-a3a5029f0fa9,,Please contact Atrium Management at 407-585-2721 to arrange a showing.
SOFT,phone,1766 Travertine Terrace,Sanford,ed4e30d2-e903-40e8-bf3a-dc12b4a8af67,,Call 407-585-2721 today for an appointment to view this beautiful home.
SOFT,phone,17973 Frame Bend,Land O Lakes,7cd662ae-2f7d-4e0d-bd24-5e621ac638af,,"Professionally managed by Atrium Management, 813-553-3444 today for a private showing."
SOFT,phone,1810 NW 23rd BLVD #112,Gainesville,7ee5f3b8-2365-43ed-a7bd-ed8ddeb12421,,"(352) 505-5174 (Trash, Sewer, Pest INCLUDED)!!!!"
SOFT,phone,212 High Castle Lane,Longwood,7d529832-d234-48fa-b3f8-8e29f31ce867,,Contact Atrium Management at 407.585.2721 for a private tour or more information.
SOFT,phone,222 Arbor Lakes Circle,Sanford,67dc4514-f221-40ae-bdca-81554c33ae79,,Call 407-585-2721 today for an appointment to view this property.
SOFT,phone,2252 Weber St,Lakeland,91a51e13-4781-4b49-ac2e-edf1ba8c2ab3,,863-688-1000
SOFT,phone,2400 Feather Sound Dr APT 827,Clearwater,c49cee38-01c3-4f0e-bdbb-32b92a9f655b,,813-355-9968 or 813-553-3444.
SOFT,phone,2408 Rob Ln,Orlando,0e5f2833-78f8-4471-8753-04856422b658,,407-585-2721.
SOFT,phone,3703 E North Bay St,Tampa,173627eb-c2ec-42d7-8192-7431c661f03b,,813-553-3444
SOFT,phone,3810 Deeson Rd Unit 2,Lakeland,f4c6829e-4931-49b3-ba5d-579ab1740bf0,,863-320-0517
SOFT,phone,405 NE Avenue M,Winter Haven,9b35b12a-fe80-4c76-8425-6962eb48e1e2,,Contact Our Leasing Agent Today - (863) 320-0517
SOFT,phone,4351 Paraglider Place,Wesley Chapel,08bec036-17ee-45e9-9e3a-a6b90bd2f5f3,,Professionally managed by Atrium Management Company - CALL (813) 787-4477
SOFT,phone,4355 Paraglider Place,Wesley Chapel,323b1e97-c296-4de6-bf7b-90be08845c5e,,Professionally managed by Atrium Management Company: CALL (813)553-3444.
SOFT,phone,4359 Paraglider Place,Wesley Chapel,99dbe2c7-2770-4f92-be2b-88ba383199e8,,"Professionally managed by Atrium Management Company, call (813)553-3444 for additional information, or to schedule your personal tour."
SOFT,phone,4554 Shanewood Ct,Orlando,43a2e3a6-8a21-44ba-a4ae-0bd8e2208fe2,,407-585-2721!!!
SOFT,phone,4760 SE 30th Ct,Ocala,085da860-c9d5-40ee-8d1e-d9b768101e65,,352-505-5174
SOFT,phone,5 Laurel Pass,Ocala,0182f549-bb79-43f3-b7d3-d1d25fab94d8,,904-290-2931
SOFT,phone,5 Laurel Pass,Ocala,bccb2495-b81b-4be9-a93e-62d584e80fc3,,Gladys Weeks Leasing Coordinator Phone: 352-462-4414
SOFT,phone,527 Cidermill Place,Lake Mary,3ede45a7-09ba-4c27-81fb-b495c08a83ae,,Contact us at 407-585-2721 to secure your viewing appointment today.
SOFT,phone,5405 Napoli Cove,Lake Mary,4310e451-dfe8-4e9b-a068-ccb0c007c266,,"Professionally Managed by Atrium Management, call 407-585-2721 today to set up your private showing."
SOFT,phone,5557 Berwood Dr,Orlando,3f575a12-ae5c-4478-bf60-06cd6f40a094,,"Professionally Managed by Atrium Management, call 407-585-2721 for an appointment to view this home."
SOFT,phone,608 S Lincoln Ave,Tampa,887ff2ff-aa08-497a-83df-1424ac0225d8,,813-355-9968
SOFT,phone,611 E. Amelia Street,Orlando,d588ac42-b149-4491-bd17-56beb22174a5,,"Professionally Managed by Atrium Management, call 407-585-2721 today to set up your private showing."
SOFT,phone,7705 N Branch Ave,Tampa,73d7670f-9611-4077-bea8-90344ef20471,,Professionally Managed by Atrium Management 813-553-3444 Available July 4th 2025.
SOFT,phone,8205-31 Sun Spring Circle,Orlando,6651a170-28c5-4455-ae22-560c7c30b018,,407-585-2721
SOFT,phone,8503 N Semmes St Unit B,Tampa,503741ed-3ca9-49a2-8fee-1a1c4b50522d,,813-553-3444
SOFT,phone,913 New Bedford Drive,Deland,a80777c0-4edd-4695-ab10-45102dd2bd78,,(407) 585-2721.
SOFT,phone,CIRC7,Melbourne,78808bf5-0214-41a2-8daf-dd0ecac4df43,,Professionally managed by Atrium Management Company — call (407) 585-2721   to schedule your in-person showing.
SOFT,phone,Centerpoint Apartments,Gainesville,2d5d3fd7-97b2-4c4a-a94d-0b11154c57f5,,Gladys Weeks Leasing Coordinator | Atrium Management 352-462-4414
SOFT,phone,Champions Chase,Davenport,7d7af5fb-b147-49d1-b4a1-863058bf39b6,,For more information contact our leasing team at (407) 243-8382.
SOFT,phone,Champions Chase,Davenport,48a22420-6338-46a9-a0a8-36578d6da254,,For more information contact our leasing team at (407) 243-8382.
SOFT,phone,Champions Chase,Davenport,3573dd6d-60b9-4025-919d-c539765cb04e,,For more information contact our leasing team at (407) 243-8382.
SOFT,phone,Champions Chase,Davenport,872efb57-99c4-44ad-99fb-7efb88f358e8,,For more information contact our leasing team at (407) 243-8382.
SOFT,phone,Champions Chase,Davenport,35f8d1bf-1546-4af8-a3ad-1d661b6a23e1,,For more information contact our leasing team at (407) 243-8382.
SOFT,phone,Coral Gables @ Bellview,Belleview,2cb4ba16-24dc-4acd-8eea-4d873d9bf0a1,,Have any questions call 904-290-2931  Monday through Friday 9-5
SOFT,phone,Eastwood,Clearwater,6b43b7ef-c25f-43ce-80d5-8c148e842d5e,,Professionally managed by ATRIUM MANAGEMENT COMPANY (CALL 813-553-3444 TO SET UP YOUR PERSONAL TOUR).
SOFT,phone,Eastwood,Clearwater,6b43b7ef-c25f-43ce-80d5-8c148e842d5e,,"Professionally Managed by Atrium Management Company, call 813-553-3444 today for more information."
SOFT,phone,Green Cove Apartments,Gainesville,cd133660-8da1-4e97-8240-56caffc41186,,352-462-4414 Atrium Management.
SOFT,phone,JUAN6710,Tampa,931dc873-867b-4bd2-90e5-6f988e53525e,,Call and ask about our move in concession: 813-355-9968!
SOFT,phone,Millie Gardens,Gainesville,d1c62f3e-43ff-475c-a1a0-23ba11e9e73c,,Gladys Weeks 352-462-4414
SOFT,phone,Seminole Ave,Tampa,fcdf6263-0c6a-470a-be32-405f8f7d653d,,"Professionally managed by Atrium Management, 813-553-3444 today for a private showing."
SOFT,phone,Seminole Ave,Tampa,b70350d8-f2fd-40e7-8728-b9409560c6d1,,"Professionally managed by Atrium Management, 813-553-3444 today for a private showing."
SOFT,phone,Stetson Apartments,Deland,7f53f9c7-a442-40ee-9e13-a54490ca571b,,"To arrange your exclusive viewing, please contact us at 407-585-2721."
SOFT,phone,The Carl,Orlando,87b87792-57f8-441e-808a-87c2ae151eb8,,"To arrange a personal tour, please dial 407-585-2721."
SOFT,phone,The Lofts at Concord,Orlando,a15e72c2-5fc0-4131-8e9d-a13e2ebde2e6,,"Professionally Managed by Atrium Management, call 407-585-2721 today to set up your private showing."
SOFT,phone,The Roberson,Orlando,74d9c1b9-f564-4598-8309-26d669260010,,Contact Atrium Management 407-585-2721 for showings.
SOFT,phone,Valencia Isle,Orlando,8a758445-2e51-41c1-ab7a-ca4ff7a3d1f1,,For more information contact our leasing team at (407) 250-9302.
SOFT,phone,Woodland Heights Apartments,Lakeland,1ba84890-e31f-4ca0-aecf-93ef1ac0546b,,Contact Atrium Management at today 407-585-2721 for more details and to schedule your personal tour!
SOFT,phone,Woodland Heights Apartments,Lakeland,09b140e0-1707-415c-8f5a-2853580c804a,,Contact Atrium Management at today 407-585-2721 for more details and to schedule your personal tour!
SOFT,phone+email,12805 Avelar Manor Pl,Riverview,ee8f5d07-9c5d-47de-aa66-41905040b45a,,Professional Managed By: Atrium Management Call: 813-553-3444 or 813-428-8643 | Email: pg5@atriummanagement.com
SOFT,phone+email,17345 White Mangrove Drive,Wimauma,b217d8f9-d974-4d27-881d-2d4bc8cb6913,,Professional Managed By: Atrium Management Call: 813-553-3444 or 813-428-8643 | Email: pg5@atriummanagement.com
SOFT,phone+email,2514 Commerce Ave,Spring Hill,23335e15-23e4-4f5c-b8d3-335e5c5961f1,,Professional Managed By: Atrium Management Call: 813-553-3444 or 813-428-8643 | Email: pg5@atriummanagement.com
SOFT,phone+email,324 7th St S Unit 1,St. Petersburg,125d237e-bf0c-4892-89a9-dcfb2c458b3f,,Rent Ready Now: 813-553-3444 or pg5@atriummanagement.com
SOFT,phone+email,3806 -3808 W El Prado Blvd,Tampa,93c8fe8f-0939-414e-afde-3ecc9fe134d6,,Professional Managed By: Atrium Management Call: 813-553-3444 or 813-428-8643 | Email: pg5@atriummanagement.com
SOFT,phone+email,7106 - 7108 S Kissimme St.,Tampa,75c4d63f-75af-4359-a9ff-f3f75372f51a,,Professional Managed By: Atrium Management Call: 813-553-3444 or 813-428-8643 | Email: pg5@atriummanagement.com
SOFT,phone+email,Champions Village,Kissimmee,c2566f88-f68f-4355-9adf-0080fc4d8a93,,E: ChampionsVillage@atriummanagement.com P: 407-329-3555
SOFT,phone+email,Champions Village,Kissimmee,c3e99e98-6885-4d84-9009-ab840b64c11d,,E: ChampionsVillage@atriummanagement.com P: 407-329-3555
SOFT,phone+email,Champions Village,Kissimmee,2170466b-173c-4e48-a45a-bf3f689b4f62,,E: ChampionsVillage@atriummanagement.com P: 407-329-3555
SOFT,phone+email,Champions Village,Kissimmee,647eb5c8-b68e-47a8-b744-9791208c86c1,,E: ChampionsVillage@atriummanagement.com P: 407-329-3555
SOFT,phone+email,Cranes Landing Apartments,Winter Park,91dba0e7-6355-4830-aca9-53436dd7a976,,"For more information, please contact the leasing office: P: 407-671-5585 E: CLA@atriummanagement.com"
SOFT,phone+email,Cranes Landing Apartments,Winter Park,964a6bfa-3c7f-4bcd-8082-14ad443e3e2a,,"For more information, please contact the leasing office: P: 407-671-5585 E: CLA@atriummanagement.com"
SOFT,phone+email,Cranes Landing Apartments,Winter Park,3e1f9be4-733e-4b06-82b8-8c76434e4383,,"For more information, please contact the leasing office: P: 407-671-5585 E: cford@atriummanagement.com"
SOFT,phone+email,Cranes Landing Apartments,Winter Park,1c91fb9f-a665-4ee7-9f3e-d6a40fdc84af,,"For more information, please contact the leasing office: P: 407-671-5585 E: CLA@atriummanagement.com"
SOFT,phone+email,Cranes Landing Apartments,Winter Park,f37053c3-1a9a-41ed-b3f7-395969cea0e7,,"For more information, please contact the leasing office: P: 407-671-5585 E: CLA@atriummanagement.com"
SOFT,phone+email,Cranes Landing Apartments,Winter Park,029afab1-9176-416b-8f70-77147b1ebd90,,"For more information, please contact the leasing office: P: 407-671-5585 E: CLA@atriummanagement.com"
SOFT,phone+email,Janie B Apartments,Tampa,435f854e-6574-40b6-8215-fbcfa00a0ec2,,Professional Managed By: Atrium Management Call: 813-553-3444 or 813-428-8643 | Email: pg5@atriummanagement.com
SOFT,phone+email,Janie B Apartments,Tampa,f812226b-f1c1-494e-b888-93cce0d2217b,,Professional Managed By: Atrium Management Call: 813-553-3444 or 813-428-8643 | Email: pg5@atriummanagement.com
SOFT,phone+email,Janie B Apartments,Tampa,16709393-475a-47b5-a932-c731b9c4b725,,Professional Managed By: Atrium Management Call: 813-553-3444 or 813-428-8643 | Email: pg5@atriummanagement.com
SOFT,phone+email,Marina Villas,Tampa,117a5d4a-06d9-4793-b19a-baa3b3871b99,,Professional Managed By: Atrium Management Call: 813-553-3444 or 813-428-8643 | Email: pg5@atriummanagement.com
SOFT,phone+email,Ocoee Village,Ocoee,b9e15ec8-e966-41a0-a460-436401984bf9,,For more information Text Ilka Goitia at (321) 549-0284 or igoitia@atriummanagement.com.
SOFT,phone+email,Ocoee Village,Ocoee,2fe38e97-d0a8-4b22-9826-915607e7e79f,,For more information Text Ilka Goitia at (321) 549-0284 or igoitia@atriummanagement.com.
SOFT,phone+email,Ocoee Village,Ocoee,657220f9-da22-4af5-981e-8c46da49c84e,,For more information Text Ilka Goitia at (321) 549-0284 or igoitia@atriummanagement.com.
SOFT,phone+email,Ocoee Village,Ocoee,08ce0509-cbff-45eb-bdf5-8dbc1454de1f,,For more information Text Ilka Goitia at (321) 549-0284 or igoitia@atriummanagement.com.
SOFT,phone+email,Ocoee Village,Ocoee,51eb156f-5f45-4469-a59e-174fe14d5fd2,,For more information Text Ilka Goitia at (321) 549-0284 or igoitia@atriummanagement.com.
SOFT,phone+email,SOUT2648,Clearwater,03d0f630-a14b-48ff-8c59-97a8ce2dfaf3,,Professional Managed By: Atrium Management Call: 813-553-3444 or 813-428-8643 | Email: pg5@atriummanagement.com
SOFT,phone+email,Sutton Fields,St Cloud,1480d23d-f46f-43c3-bfe1-2cb336fc05b3,,For more information contact (407) 243-8382 or dbone@atriummanagement.com.
SOFT,phone+email,Sutton Fields,St Cloud,818a9c95-f0b6-4a73-b5b5-57eb82d7f6e5,,For more information contact Darren Bone at (407) 243-8382 or dbone@atriummanagement.com.
SOFT,phone+email,Sutton Fields,St Cloud,3bc8c2d9-7610-4295-a46b-ac0b9b2b438c,,For more information contact Jillian Levine at (770) 713-7065 or jlevine@atriummanagement.com.
SOFT,phone+email,Sutton Fields,St Cloud,f6e8e4a5-b40a-48ad-83ed-b20e5e5a5d8f,,For more information contact Darren Bone at (407) 243-8382 or dbone@atriummanagement.com.
SOFT,phone+email,Sutton Fields,St Cloud,5121c638-4318-4e08-a058-13684da3d3bf,,For more information contact Jillian Levine at (770) 713-7065 or jlevine@atriummanagement.com.
SOFT,phone+email,Sutton Fields,St Cloud,ad43e14f-e21d-4510-b8e8-8ff5e573d3f7,,For more information contact Darren Bone at (407) 243-8382 or dbone@atriummanagement.com.
SOFT,phone+email,Sutton Fields,St Cloud,e87e78fa-2f0d-4aee-a97f-c40ae0d47aa4,,For more information contact Jillian Levine at (770) 713-7065 or jlevine@atriummanagement.com.
SOFT,phone+email,Sutton Fields,St Cloud,c0dc3181-9c9b-4705-9e51-b2adc0db24d9,,For more information contact Jillian Levine at (770) 713-7065 or jlevine@atriummanagement.com.
SOFT,phone+email,Sutton Fields,St Cloud,ed67f219-3d7a-4775-95b9-4de683efb5ba,,For more information contact Jillian Levine at (770) 713-7065 or jlevine@atriummanagement.com.
SOFT,phone+email,Valencia Isle,Orlando,fdb064bb-8446-40d1-8c45-bb64bf173cc8,,For more information contact Darren Bone at (407) 243-8382 or dbone@atriummanagement.com.
SOFT,phone+email,Valencia Isle,Orlando,1b3878fc-0132-4b7c-9bba-36a73145ad25,,For more information contact Darren Bone at (407) 243-8382 or dbone@atriummanagement.com.
SOFT,phone+email,Valencia Isle,Orlando,191c7660-7eca-4620-950a-e60bfe5f5411,,For more information contact Darren Bone at (407) 243-8382 or dbone@atriummanagement.com.
SOFT,phone+email,Valencia Isle,Orlando,0b399d13-6409-4b56-bb0e-819a23b2628c,,For more information contact Darren Bone at (407) 243-8382 or dbone@atriummanagement.com.
SOFT,phone+email+stale_claim,1026 12th St N,St. Petersburg,8dac928d-715d-46e6-ba97-09b6d8fb9ccc,,Call now for more details or to schedule your tour: 813-553-3444 or 813-355-9968 pg5@atriummanagement.com
SOFT,phone+email+stale_claim,8705 N 37th Street,Tampa,579a530b-bb1c-468d-8898-ad80e3fb5a2a,,"To schedule your private showing, call 813-553-3444 or email pg5@atriummanagement.com"
SOFT,phone+stale_claim,1 E King St,Orlando,f91039a6-18dd-4aef-8722-742c44046795,,"This property is professionally leased and managed by Atrium Management Company, call today to schedule a private showing (407) 585-2721."
SOFT,phone+stale_claim,1 West Cary Apartments,Richmond,dd99e637-8721-42f7-b159-2d5c07b534c3,,Contact Atrium Management today at 407-585-2721 to schedule your private showing and make this stunning apartment your new home.
SOFT,phone+stale_claim,1 West Cary Apartments,Richmond,e71202eb-9768-4f22-9835-6a8f01c8ddce,,Contact Atrium Management today at 407-585-2721 to schedule your private showing and make this stunning apartment your new home.
SOFT,phone+stale_claim,100 Bantry Dr.,Lake Mary,9515c92d-c897-4e62-ae1f-c6cebe3449fb,,Please call 407-585-2721 to schedule your private showing!
SOFT,phone+stale_claim,100 E. Orlando Street,Orlando,f7692ccb-13fc-4192-a457-61231f6755b7,,Professionally managed by Atrium Management please call 407-585-2721 to schedule your private showing.
SOFT,phone+stale_claim,1000 Huntington Ct,Longwood,38f874b5-5942-48f5-8144-1f98ee68323c,,"This property is professionally leased and managed by Atrium Management Company, call today to schedule a private showing (407) 585-2721."
SOFT,phone+stale_claim,1000 Parma Cir,Lake Mary,205aff91-49ed-4b6a-9bad-14034ce94dcb,,Professionally managed by Atrium Management please call 407-585-2721 to schedule your private showing.
SOFT,phone+stale_claim,10008 Canopy Tree Ct,Orlando,cb70c9fb-be94-49ce-afca-2c291e70bf36,,Call 407-585-2721 to schedule your private showing!
SOFT,phone+stale_claim,10018 Shadow Creek Drive,Orlando,91dbc2d2-497b-452b-9933-b47b093eecc4,,Please call 407-585-2721 to schedule your private showing!
SOFT,phone+stale_claim,1004 Sugarberry Trl,Oviedo,26155130-06fa-4639-9dd6-b44fe2b90bb9,,"This property is professionally leased and managed by Atrium Management Company, call today to schedule a private showing (407) 585-2721."
SOFT,phone+stale_claim,10067 John Adams Way,Orlando,f765c037-1deb-4f3c-bded-632260bbe0b9,,"This property is professionally leased and managed by Atrium Management Company, call today to schedule a private showing (407) 585-2721."
SOFT,phone+stale_claim,1010 S Miramar Ave,Indialantic,dd020c0c-18e4-4827-a7f8-776178f84f7a,,Please call (407) 585-2721  to schedule your private showing!
SOFT,phone+stale_claim,1010 S Miramar Ave #W,"Indialantic Beach,",c37a2a01-ff05-4dd7-baa1-3065529cfa04,,Professionally managed by Atrium Management please call 407-243-8937 to schedule your private showing.
SOFT,phone+stale_claim,1010 Winderley Place,Maitland,0d0a4254-3230-4282-9197-fc6f426ab76f,,Professionally managed by Atrium Management please call 407-585-2721 to schedule your private showing.
SOFT,phone+stale_claim,10109 Marsh Pine Cir,Orlando,24721c56-6bf1-4f0a-a9f8-1dba9694e9bc,,"This property is professionally leased and managed by Atrium Management Company, call today to schedule a private showing (407) 585-2721."
SOFT,phone+stale_claim,1011 Palmer St,Orlando,807ae2f7-27e1-46b6-8cec-03c5d72daaa7,,Call today for your private showing (407) 585-2721.
SOFT,phone+stale_claim,1019 W Berry Ave,Tampa,0fa26a06-1048-425f-8be0-1aba411cbab4,,Call now to schedule a viewing (813)787-4477!!!!
SOFT,phone+stale_claim,10226 Fiddley Aly,Orlando,f23c1b4e-f207-4b18-b93c-193aecc12d89,,Call 407-585-2721 to schedule your private showing.
SOFT,phone+stale_claim,1023 Dishman Loop,Oviedo,5a33cf9b-e22e-4583-826b-e83fdfa3854b,,Contact us today at 407-585-2721 for more details or to schedule your private showing.
SOFT,phone+stale_claim,1024 Federal St,Orlando,b9e851b8-9487-44bc-841f-acdcb8777226,,"This property is professionally leased and managed by Atrium Management Company, call today to schedule a private showing (407) 585-2721."
SOFT,phone+stale_claim,1026 12th St N,St. Petersburg,f4db31f4-db68-4712-8c18-7089d58eb1d4,,Call now for more details or to schedule your tour: 813-553-3444 or 813-355-9968
SOFT,phone+stale_claim,103 Northwood Drive,Longwood,be90850c-cbf8-4160-afa7-04a1ed56e188,,Please call 407-585-2721 to schedule your private showing!
SOFT,phone+stale_claim,10304 Rostand Aly,Orlando,5d12a692-3d8c-4c5a-8647-06cbba938b6d,,Call 407-585-2721 today to schedule your private showing!
SOFT,phone+stale_claim,1036 Shadowmoss Cir,Lake Mary,4194f179-de6a-4743-8d16-9f3f644c7789,,Call 407-585-2721 to schedule your private showing.
SOFT,phone+stale_claim,1040 Kelly Creek Cir,Oviedo,f67a9255-fb13-47ce-b378-65b785f86793,,Please call 407-585-2721 to schedule your private showing!
SOFT,phone+stale_claim,10401 Lavande Drive,Orlando,fb94b5db-cfcd-4b22-ba75-230eb1c4a598,,Please call 407-585-2721 to schedule your private showing!
SOFT,phone+stale_claim,10414 Andover Point Cir,Orlando,f6970372-63bc-4ee9-851f-4a19b2b7bef2,,"Professionally Managed by Atrium Management, don't wait, call (407) 585-2721 to schedule your private viewing today!"
SOFT,phone+stale_claim,10424 Sun Villa Blvd.,Orlando,9d8f8839-5de4-474a-b6a1-5e4453c9548d,,Professionally managed by Atrium Management please call 407-585-2721 to schedule your private showing.
SOFT,phone+stale_claim,1043 Hornbeam St,Oviedo,08b1ccb2-bd7c-4a7e-a19f-b24f33ea7410,,Contact us today at 407.585.2721 to arrange a personal tour!
SOFT,phone+stale_claim,105 N. Weathersfield Avenue,Altamonte Springs,56339ac9-52c8-4bac-9a94-7c3878cb9122,,Please call 407-585-2721 to schedule your private showing!
SOFT,phone+stale_claim,10523 Cresto Del Sol Cir,Orlando,e1c513dc-0b94-4b69-b066-e354ebfbc8c4,,Professionally managed by Atrium Management please call 407-585-2721 to schedule your private showing.
SOFT,phone+stale_claim,10563 County Road 237,Oxford,6351142e-0a7b-4513-9a2c-7b68e79a8200,,Contact us today at (386) 999-1855 to schedule a viewing and make this townhouse your own.
SOFT,phone+stale_claim,1061 Charter Oak Lane,Altamonte Springs,2a0d0989-d9e7-4696-b79d-2a98557f9ff8,,Call 407-585-2721 today to schedule your private showing and experience the comfort and convenience of 1061 Charter Oak Lane for yourself.
SOFT,phone+stale_claim,108 Spring Valley Loop,Altamonte Springs,ae66b8f9-2cb4-429d-bd4c-297a9e526373,,"This property is professionally leased and managed by Atrium Management Company, call today to schedule a private showing (407) 585-2721."
SOFT,phone+stale_claim,108 Sycamore Ct,Sanford,37cde735-486b-4649-aac0-fdd62558bb2e,,Professionally managed by Atrium Management please call 407-585-2721 to schedule your private showing.
SOFT,phone+stale_claim,109 James Avenue,Orlando,8ee98513-d7c7-40a3-87df-8f7d9298153c,,Call 407-585-2721 today to schedule your private showing!
SOFT,phone+stale_claim,109 James Avenue,Orlando,b90a46ae-0f25-4ac5-a052-d7223779863e,,Please call 407-585-2721 to schedule your private showing!
SOFT,phone+stale_claim,109 James Avenue Unit 2,Orlando,e096b010-e645-4476-bfd4-eb746bc0ea40,,Call 407-585-2721 today to schedule your private showing!
SOFT,phone+stale_claim,110 Sycamore Ct,Sanford,278077a6-fd24-4474-a64a-ede7ec5c0b20,,Professionally managed by Atrium Management please call 407-585-2721 to schedule your private showing.
SOFT,phone+stale_claim,1106 Lake Willisara Cir #20-25,Orlando,52df0460-85f9-472d-be44-59625b643b09,,Call 407-585-2721 to schedule your private showing today!
SOFT,phone+stale_claim,1111 Pepperdine Lane,Sanford,f48f5f4c-1500-4930-880a-5dbe20ee8867,,Professionally managed by Atrium Management please call 407-585-2721 to schedule your private showing.
SOFT,phone+stale_claim,1111 Peralta Court,Sanford,c7d7a227-fb62-4754-bd67-4a26c25b60e0,,Professionally managed by Atrium Management please call 407-585-2721 to schedule your private showing.
SOFT,phone+stale_claim,1119 S. Pennsylvania Avenue,Winter Park,2e8055dd-fba9-4c21-9a27-fd13bfe93999,,Please call 407-585-2721 to schedule your private showing today!
SOFT,phone+stale_claim,112 Willowbay Ridge,Sanford,2099d22c-ea62-4723-b489-24ae1239a744,,Professionally managed by Atrium Management please call 407-585-2721 to schedule your private showing.
SOFT,phone+stale_claim,11213 Moonshine Creek Circle,Orlando,d9afcec3-ce60-444c-924f-c09c72b8090c,,Professionally managed by Atrium Management please call 407-585-2721 to schedule your private showing.
SOFT,phone+stale_claim,11242 Savannah Landing Circle,Orlando,829a8570-c5ef-45e4-b91d-50c3b0015e0e,,Professionally managed by Atrium Management please call 407-585-2721 to schedule your private showing.
SOFT,phone+stale_claim,1126 Vineland Place,Lake Mary,54c9d23a-f21f-4da3-bad9-50d68ebea09f,,Professionally managed by Atrium Management please call 407-585-2721 to schedule your private showing.
SOFT,phone+stale_claim,113 N. High Street,Lake Mary,ff409f56-7a00-47a8-8117-a4bc728caa16,,Professionally managed by Atrium Management please call 407-585-2721 to schedule your private showing.
SOFT,phone+stale_claim,1131 Kersfield Cir,Lake Mary,b35a99b6-7b87-4013-bf8d-b355796c453c,,Please call 407-585-2721 to schedule your private showing!
SOFT,phone+stale_claim,114 Cory Lane,Winter Springs,5a8c6d65-3bb0-4924-a3ae-e888b793decd,,"This property is professionally leased and managed by Atrium Management Company, call today to schedule a private showing (407) 585-2721."
SOFT,phone+stale_claim,1144 Cathcart Circle,Sanford,bdb39f63-e195-4c26-ac8c-fa894b311d90,,Please call 407-585-2721 to schedule your private showing!
SOFT,phone+stale_claim,1144 Lake Baldwin Ln,Orlando,d5b066cc-7d10-46ee-ba48-56dcf2441a13,,Call 407-585-2721 today to schedule your private showing!
SOFT,phone+stale_claim,1148 Kersfield Cir,Heathrow,c1a843fc-f02e-4730-bcf8-91e3185dda0a,,Please call 407-585-2721 to schedule your private showing!
SOFT,phone+stale_claim,116 Becket Lane,Lake Mary,e0d954b4-cb2c-4f27-a6ae-34495362c606,,Please call 407-585-2721 to schedule your private showing!
SOFT,phone+stale_claim,116 W. 19th Street,Apopka,2a667a38-dd8a-494b-a09f-735634dc3e1b,,Please call Atrium Management at 407-585-2721 to schedule your private showing.
SOFT,phone+stale_claim,1165 Paseo De Las Flores Apt C,Casselberry,38b4ec7f-20f1-48dc-bd18-d256294e2b84,,Call 407-585-2721 to schedule your private showing today!
SOFT,phone+stale_claim,118 Lewfield Circle,Winter Park,5e7a0414-c341-42b9-bd57-22dab5cfd735,,Professionally managed by Atrium Management please call 407-585-2721 to schedule your private showing.
SOFT,phone+stale_claim,11825 Padua Lane,Orlando,3e641a18-6ecf-4a33-8a79-4b1ff32d21c3,,Please call 407-585-2721 to schedule your private showing!
SOFT,phone+stale_claim,11993 Charades St,Orlando,f80b757c-ca43-4df4-ae4d-dbb8af96aaa8,,Contact us at (407) 585-2721 today to schedule your private tour of this extraordinary property!
SOFT,phone+stale_claim,12 South Court,Indialantic Beach,076b6e62-4b5b-49b1-b9c7-0ca3875accf5,,Professionally managed by Atrium Management please call 407-585-2721 to schedule your private showing.
SOFT,phone+stale_claim,120 N. Cervidae Drive,Apopka,e94a9249-6dad-4afd-bbce-d59aaba98a88,,Professionally managed by Atrium Management please call 407-585-2721 to schedule your private showing.
SOFT,phone+stale_claim,12044 Talitha Lane,Orlando,c58b9aa5-c493-495b-9f1e-4b768a003f99,,Please call 407-585-2721 to schedule your private showing!
SOFT,phone+stale_claim,1216 Margaret Ave,Haines City,361dc39b-724b-4df4-b9f2-1e9b3eafbf26,,"Call Atrium Management today, 407-585-2721, to schedule your private showing!"
SOFT,phone+stale_claim,"12220 Wild Iris Way, #112",Orlando,f0adddab-6303-4b97-8f5f-73bab047d244,,Please call 407-585-2721 to schedule your private showing!
SOFT,phone+stale_claim,1224 Travertine Terrace,Sanford,252cb2f3-2c1f-40cb-857b-9ec4b6f8dd54,,Professionally managed by Atrium Management please call 407-585-2721 to schedule your private showing.
SOFT,phone+stale_claim,12262 Fox Hound Lane,Orlando,d6866c71-1d82-499c-9337-6ba8c280bf0c,,Please call 407-585-2721 to schedule your private showing!
SOFT,phone+stale_claim,12268 Fox Hound Ln,Orlando,32e712f8-47ba-4ff1-8798-ddc2b7af8fdf,,Professionally managed by Atrium Management please call 407-585-2721 to schedule your private showing.
SOFT,phone+stale_claim,"123 Lake Emma Cove Dr,",Lake Mary,2326ff19-1b5a-456e-91e8-5e1b3b9763dd,,Please call 407-585-2721 to schedule your private showing!
SOFT,phone+stale_claim,123 W Lake Mary Ave,Lake Mary,a865a579-e790-4f5b-9bd6-b4e051d61ae7,,Contact us today at (407) 585-2721 to schedule a visit and experience the comfort and convenience of this beautiful home.
SOFT,phone+stale_claim,1245 Alafia Way,Poinciana,72cd3236-6cd7-4d22-a9cc-57ed8a9b738c,,Please call 407-585-2721 to schedule your private showing TODAY!
SOFT,phone+stale_claim,1246 Fox Hedge Ln,Saint Cloud,a5e6202d-8721-4ff0-91c3-065a7926395c,,Call 407-585-2721 today to schedule your private showing.
SOFT,phone+stale_claim,1250 S Denning Dr Unit 108,Winter Park,be02c8a9-db10-4a7e-9657-003093a9580d,,Call (407) 585-2721 to schedule your private showing today.
SOFT,phone+stale_claim,1250 S Denning Dr Unit 204,Winter Park,4fba39fa-2913-4db8-8fb2-d233da2f6e66,,"Professionally Managed by Atrium Management, don't wait, call (407) 585-2721 to schedule your private viewing today!"
SOFT,phone+stale_claim,1254 Alstonia Ln,Mount Dora,413971d3-e664-442d-ab47-fa08256192c0,,Call 407-585-2721 to schedule your showing.
SOFT,phone+stale_claim,126 E Concord St Unit A,Orlando,25f69510-8eb1-4737-a4cc-33790445043c,,"Professionally LEASED by Atrium Management, don't wait, call (407) 585-2721 to schedule your viewing!"
SOFT,phone+stale_claim,126 E Concord St Unit B,Orlando,f82f52f5-6c78-4d11-a52a-759b548c65d6,,"Professionally LEASED by Atrium Management, don't wait, call (407) 585-2721 to schedule your viewing!"
SOFT,phone+stale_claim,126 E Concord St Unit C,Orlando,6b16d099-8b03-4a9a-8d49-874a9f59d3ec,,"Professionally LEASED by Atrium Management, don't wait, call (407) 585-2721 to schedule your viewing!"
SOFT,phone+stale_claim,126 Water Street,Lake Helen,d763e13b-e3a2-47a6-8f6d-5521c98699b4,,Call (407) 585-2721 today to schedule your viewing!
SOFT,phone+stale_claim,12814 Oulton Circle,Orlando,715dd00c-ec13-4e8c-96b1-6086d220d861,,Please call 407-585-2721 to schedule your private showing!
SOFT,phone+stale_claim,1310 Fairview Avenue,Winter Park,76fac962-2a84-4f36-9a36-60e0368eeb3f,,"Professionally LEASED by Atrium Management, don't wait, call (407) 585-2721 to schedule your viewing!"
SOFT,phone+stale_claim,1318 Kewannee Trail,Maitland,a2bf61cf-ebd1-4e02-9191-94c190502117,,Please call 407-585-2721 to schedule your private showing!
SOFT,phone+stale_claim,132 Sabal Palm Court,Sanford,c8c39f78-375a-40cd-a175-8087522bb87a,,Professionally managed by Atrium Management please call 407-585-2721 to schedule your private showing.
SOFT,phone+stale_claim,132 Vista Verdi Circle Unit 128,Lake Mary,5e8ff942-5460-40d8-b3c4-50fd44bec202,,Professionally leased by Atrium Management please call 407-585-2721 to schedule your private showing.
SOFT,phone+stale_claim,13244 Strode Ln,Windermere,1f9208a2-d387-4ec5-9ac2-97111ffb9073,,Please call 407-585-2721 to schedule your private showing today!
SOFT,phone+stale_claim,1325 Rotonda Pt #137,Lake Mary,121e9959-8765-48f7-8ea2-a2ea18fe165d,,Professionally managed by Atrium Management please call 407-585-2721 to schedule your private showing.
SOFT,phone+stale_claim,1333 Golf Point Loop,Apopka,e4b7663b-afef-4941-bbcd-d6ce6173d7da,,"This property is professionally leased and managed by Atrium Management Company, call today to schedule a private showing (407) 585-2721."
SOFT,phone+stale_claim,1334 Bolton Place,Lake Mary,4e58d930-1adb-43a6-a7b4-cded0a53ed56,,Professionally managed by Atrium Management please call 407-585-2721 to schedule your private showing.
SOFT,phone+stale_claim,13346 Boulder Woods Circle,Orlando,2377ccba-3a12-4637-b99e-1e38471cddc0,,"Professionally managed by Atrium Management, Call 407-585-2721 today to schedule your private showing."
SOFT,phone+stale_claim,13807 Guildhall Circle,Orlando,b056939e-ca57-43bf-a716-60cad8ff3928,,Please call 407-585-2721 to schedule your private showing!
SOFT,phone+stale_claim,1381 Patterson Ter,Lake Mary,71b41842-716e-47a6-a4b5-168cb35a309b,,"This property is professionally leased and managed by Atrium Management Company, call today to schedule a private showing (407) 585-2721."
SOFT,phone+stale_claim,1387 Hampton Park Lane,Melbourne,c8161378-5553-4953-98ab-72456d0b7a48,,Please call (407) 585-2721   to schedule your private showing!
SOFT,phone+stale_claim,13906 Title Way,Winter Garden,648c8328-13fd-471b-83ae-8b75dc4748d3,,Call today for your private showing (407) 585-2721.
SOFT,phone+stale_claim,14 South Court,Indialantic Beach,27265edd-a220-4428-8417-2528f019bfac,,Please call 321-779-7785 to schedule your private showing!
SOFT,phone+stale_claim,1408 Patrick St,Kissimmee,dd197780-1318-4380-80be-2cc911dc212e,,Call (407) 585-2721 to schedule your private showing today!
SOFT,phone+stale_claim,1409 Embassy Dr,Clearwater,d6bed114-c0c6-499e-81a2-684cd82967d6,,Contact us today at (813)787-4477 to schedule a viewing!
SOFT,phone+stale_claim,1410 Patrick St,Kissimmee,0f65fe25-b36e-4cb1-9656-6c34cee20adc,,Call (407) 585-2721 to schedule your private showing today!
SOFT,phone+stale_claim,1420 MALIBU CIRCLE NE,Palm Bay,ecdd86f9-a61e-414c-8bf4-627152aad8e2,,"Professionally managed by Atrium Management Company, please call 321-779-7785 to schedule your in person showing."
SOFT,phone+stale_claim,1421 Ridgecrest Road,Orlando,7e0da0b3-6be8-4c93-8752-9ab6a799c1b8,,Call 407-585-2721 to schedule your private showing today!
SOFT,phone+stale_claim,1427 Voltaire Street,Deltona,ed883201-83d8-4fff-8d13-2a291fcba178,,"Professionally leased and managed by Atrium Management, call 407-585-2721 today to schedule your private showing."
SOFT,phone+stale_claim,1429 Farrindon Circle,Heathrow,b41d67cd-9ed8-409d-b0a1-9672e82e35f9,,Professionally managed by Atrium Management please call 407-585-2721 to schedule your private showing.
SOFT,phone+stale_claim,14346 Clarkson Dr,Orlando,d7ce1901-ae36-4c31-8ea9-6c9e434d9c22,,Professionally managed by Atrium Management please call 407-585-2721 to schedule your private showing.
SOFT,phone+stale_claim,14412 Orchard Hills Blvd,Winter Garden,c1d03fc8-01c0-41f2-a7f1-788d8fdf7de5,,"This property is professionally leased and managed by Atrium Management Company, call today to schedule a private showing (407) 585-2721."
SOFT,phone+stale_claim,1447 Swift Ct.,Poinciana,dbe78f89-cebf-4c01-8979-a676d4985ab1,,Please call 407-585-2721 to schedule your private showing TODAY!
SOFT,phone+stale_claim,146 Brushcreek Drive,Sanford,6d885a43-1ea1-4a49-95ef-352fd6877fa7,,Please call 407-585-2721 to schedule your private showing!
SOFT,phone+stale_claim,14879 Huntcliff Park Way,Orlando,f598447f-58e9-42b2-8a01-a6b01e4be922,,Please call 407-585-2721 to schedule your private showing!
SOFT,phone+stale_claim,1500 Coronet Drive,Deltona,780906da-164a-4e2b-8457-bf9d6c97570c,,"Professionally managed by Atrium Management, Call 407-585-2721 today to schedule your private showing."
SOFT,phone+stale_claim,1505 N Highway A1A #604,Indialantic,50a9926e-d4b6-4675-95d6-077a704209f4,,Please call 321-779-7785 to schedule your private showing!
SOFT,phone+stale_claim,151 Trevor Court,Lake Mary,42bd1db8-7c88-44dc-8355-1c325af0b69e,,Professionally managed by Atrium Management please call 407-585-2721 to schedule your private showing.
SOFT,phone+stale_claim,1518 Almond Ave,Orlando,8bdec8c0-35ea-4273-b7f5-cece7f337ae9,,Please call 407-585-2721 to schedule your private showing!
SOFT,phone+stale_claim,152 Trevor Court,Heathrow,9af91cea-f370-4ca0-87a1-92d256189888,,Professionally managed by Atrium Management please call 407-585-2721 to schedule your private showing.
SOFT,phone+stale_claim,1524 Downy Birch Lane,Longwood,5c6fd59b-5f7b-4669-bb0b-c3b31ca527fe,,Call 407-585-2721 to schedule your private showing today!
SOFT,phone+stale_claim,1531 Elf Stone Dr,Casselberry,360a51e7-5106-4a7a-867e-80341d13e082,,Contact us today at 407.585.2721 to arrange a personal tour!
SOFT,phone+stale_claim,1532 N Carolwood Blvd,Fern Park,0402e92d-f9e2-4288-b288-d68784a25af5,,Call 407-585-2721 to schedule your private showing today!
SOFT,phone+stale_claim,1546 Downy Birch Lane,Longwood,38ed936b-4548-4d99-94b3-6e39946e8066,,Professionally leased and managed by Atrium Management please call 407-585-2721 to schedule your private showing.
SOFT,phone+stale_claim,155 Trevor Ct,Heathrow,b7963b4d-410a-4b1d-8d80-6df225a9d943,,Professionally managed by Atrium Management please call 407-585-2721 to schedule your private showing.
SOFT,phone+stale_claim,1554 Downy Birch Lane,Longwood,979ee6d0-9435-48f4-ba34-46717abbd892,,Professionally managed by Atrium Management please call 407-585-2721 to schedule your private showing.
SOFT,phone+stale_claim,1590 Shadowmoss Circle,Lake Mary,41704ae9-b2f9-4dd9-9650-9a394cd8538e,,Call (407) 585-2721 today to schedule your private showing.
SOFT,phone+stale_claim,160 Live Oak Woods Ct,Deltona,9a98b215-f9f3-4d71-b727-40e248ab52e7,,"Professionally managed by Atrium Management, please call 407-585-2721 to schedule your private showing and make this charming apartment your new home!"
SOFT,phone+stale_claim,"1612 Gulfview Drive, #414",Maitland,4aa786c3-afc0-4651-93d3-0ca1f7482aea,,Please call 407-585-2721 to schedule your private showing!
SOFT,phone+stale_claim,1615 Cracker Creek Ct,Oviedo,59fc292f-6faf-4d29-bd55-3f6daeb99e94,,Call today to schedule a viewing (407) 585-2721!
SOFT,phone+stale_claim,1619 Hanks Avenue,Orlando,c58e9141-1a44-4d3d-bf61-81a1d62f1fdd,,Professionally managed by Atrium Management please call 407-585-2721 to schedule your private showing.
SOFT,phone+stale_claim,16324 Winding Preserve Cir,Clermont,60bb876e-1e6c-4024-9cd1-8c3651a0c79a,,"Professionally Managed by Atrium Management, don't wait, call (407) 585-2721 to schedule your private viewing now!"
SOFT,phone+stale_claim,1659 Grange Cir,Longwood,652450a9-dac9-4a8a-b7e4-8fc4ace2ac5e,,Contact us today at (407) 585-2721 to schedule a viewing and experience the comfort and convenience this home has to offer.
SOFT,phone+stale_claim,1664 Pine Bay Drive,Lake Mary,8281fd32-5501-405c-adcb-24346f829e25,,"To schedule your private showing, please call (407) 585-2721 or visit our website to apply."
SOFT,phone+stale_claim,1668 Tennyson Court,Lake Mary,c84fd9a8-eb73-49b5-bd8c-4c54151f7edf,,Professionally managed by Atrium Management please call 407-585-2721 to schedule your private showing.
SOFT,phone+stale_claim,167 Briarwood Drive,Debary,376fff56-2f31-44f5-a4ae-35d0b4c16584,,Please call 407-585-2721 to schedule your private showing!
SOFT,phone+stale_claim,1670 N HIGHWAY A1A,Indialantic,49a00e1f-b38c-4e5b-8b25-a6061f7795ac,,Please call (407) 585-2721  to schedule your private showing!
SOFT,phone+stale_claim,16719 Cedar Crest Drive,Orlando,1eb4263d-9593-4652-a41a-9b655c0dae82,,Professionally managed by Atrium Management please call 407-585-2721 to schedule your private showing.
SOFT,phone+stale_claim,1673 Cherry Ridge Drive,Lake Mary,eb13e1e9-75fd-493e-b909-fcc691a2b9cd,,Professionally leased by Atrium Management please call 407-585-2721 to schedule your private showing.
SOFT,phone+stale_claim,1679 Shadowmoss Cir,Lake Mary,d94993d7-1363-4a07-8814-258f6fc9102d,,Please call 407-585-2721 to schedule your private showing!
SOFT,phone+stale_claim,168 E Lake Mary Ave,Lake Mary,6b1b87e0-c613-4bd2-ba60-961999423764,,Professionally managed by Atrium Management please call 407-585-2721 to schedule your private showing.
SOFT,phone+stale_claim,1680 N HIGHWAY,Indialantic,d0825bbc-9fa1-4e39-82cb-00678b3ba52a,,Call 321-479-0644  to schedule your showing.
SOFT,phone+stale_claim,1695 W Lake Mary Blvd,Lake Mary,a70a92f7-1e53-4537-a165-220b40496ceb,,Please call 407-585-2721 to schedule your private showing!
SOFT,phone+stale_claim,16950 Deer Oak Ln,Orlando,06396aaf-9ef1-47f1-b05d-f6fd831bf520,,Please call 407-585-2721 to schedule your private showing!
SOFT,phone+stale_claim,1704 Weltin Street,Orlando,bac95839-bf65-45b3-82fa-886ce63c07f7,,Call 407-585-2721 today to schedule your private tour — this gem is AVAILABLE NOW and won’t last long!
SOFT,phone+stale_claim,1709 Pine Bay Dr,Lake Mary,3dd24ecf-4515-4259-9f4d-e8047bbc7766,,Professionally managed by Atrium Management please call 407-585-2721 to schedule your private showing.
SOFT,phone+stale_claim,1713 Pine Bay Dr,Lake Mary,c9abbf1b-838d-4cce-970d-89514b97b67a,,Professionally managed by Atrium Management please call 407-585-2721 to schedule your private showing.
SOFT,phone+stale_claim,1714 Morgans Mill Circle,Orlando,e7041842-1fd9-47d3-bdb2-fbd9bbaea586,,Please call 407-585-2721 to schedule your private showing!
SOFT,phone+stale_claim,1720 Canton St,Orlando,fe73507c-5350-4faf-9f70-3cfd7584d025,,Call 407-585-2721 today to schedule your private showing and experience the comfort and convenience of 1720 W Canton St.
SOFT,phone+stale_claim,1735 Barrow Street,Deltona,9b930ba8-d5cf-4575-b88b-d276280ad71e,,"Professionally leased and managed by Atrium Management, call 407-585-2721 today to schedule your private showing."
SOFT,phone+stale_claim,17490 Northlake Grove Dr,Winter Garden,93412150-b2e9-4846-9846-20636c311b3e,,Call 407-585-2721 today to schedule your private showing.
SOFT,phone+stale_claim,1752 Buckeye Rd,Davenport,61c4bfe5-d3cb-4e64-b4a7-920530c528a8,,Please call (407) 585-2721 to schedule your private viewing today!
SOFT,phone+stale_claim,17777 Crescent Moon Loop,Lakewood Ranch,9eaa2224-8827-439c-a501-e70f8c73c8f6,,Call or text: 813-355-9968 or 813-428-8643
SOFT,phone+stale_claim,1820 Sunset Palm Drive,Apopka,be0e79da-5ace-41e0-88f4-73ab40187a80,,"Please call (407) 585-2721 to schedule your private showing today, this home will not last!"
SOFT,phone+stale_claim,1834 Raspberry Cane Court,Longwood,739063a3-9681-4024-a453-0fc922486c95,,Call 407-585-2721 to schedule your private showing.
SOFT,phone+stale_claim,185 Wishing Well Cir SW,Palm Bay,f8943653-9a40-4e1f-b33c-3c95d4b6b9ae,,Professionally managed by Atrium Management please call 407-585-2721 to schedule your private showing.
SOFT,phone+stale_claim,188 Angel Trumpet Way,Oviedo,b381cad8-ae7a-445c-a2ca-7921db69bdcc,,Please call 407-585-2721 to schedule your private showing!
SOFT,phone+stale_claim,1890 Erudite Way,Winter Park,972a478d-5e76-4b44-abcf-deb070fb014f,,Call (407) 585-2721 today to schedule your private showing!
SOFT,phone+stale_claim,1890 Valley Wood Way,Lake Mary,c2212fc6-0c9e-4917-9905-684b3619c247,,Professionally managed by Atrium Management please call 407-585-2721 to schedule your private showing.
SOFT,phone+stale_claim,1891 Valley Wood Way,Lake Mary,68118ef9-93e4-49d3-a118-42f3e8cf231c,,Professionally managed by Atrium Management please call 407-585-2721 to schedule your private showing.
SOFT,phone+stale_claim,1899 Gatewood Dr,Deltona,14df9ed1-acc4-4aa8-971a-caabffcfdcab,,Please call 407-585-2721 to schedule your private showing!
SOFT,phone+stale_claim,1904 W Clinton St Unit 1,Tampa,3dfd2d08-79eb-4962-981c-8cd842d5bcf8,,RENT READY NOW: CALL ATRIUM AT 813-553-3444 to obtain more information and schedule a tour today!
SOFT,phone+stale_claim,1914 Lanier Court,Winter Park,506313eb-f761-4e52-98a4-2439f4127cb5,,Professionally managed by Atrium Management please call 407-585-2721 to schedule your private showing.
SOFT,phone+stale_claim,1914 Lanier Court,Winter Park,451fb714-6e5c-48b9-bb94-927276e23490,,Professionally managed by Atrium Management please call 407-585-2721 to schedule your private showing.
SOFT,phone+stale_claim,1917 Woodcrest Drive,Winter Park,f0cc589e-2e09-4820-924f-e41809784c3f,,Call (407) 585-2721 today to schedule a private viewing!
SOFT,phone+stale_claim,1920 Hibiscus Lane,Maitland,ee81081a-fb67-431f-ac11-24cbc97c6a38,,Professionally managed by Atrium Management please call 407-585-2721 to schedule your private showing.
SOFT,phone+stale_claim,1921 Glen Mist Cv,Longwood,c2798ea8-54ba-4415-945b-4a986f2e795a,,Professionally managed by Atrium Management please call 407-585-2721 to schedule your private showing.
SOFT,phone+stale_claim,1935 Lynn River Drive,Deltona,e79f33b2-ecb9-4cfc-89c7-8e30a9ffc8a5,,Call 407-585-2721 to schedule your private showing today!
SOFT,phone+stale_claim,1944 Bobtail Drive,Maitland,68ff6a3b-6748-42e9-a368-57ddf7eb824d,,Professionally managed by Atrium Management please call 407-585-2721 to schedule your private showing.
SOFT,phone+stale_claim,1947 Canny Cv,Winter Park,cddffcfc-2417-4bab-818a-f1cc3c4f7ac1,,Call (407) 585-2721 today to schedule your private showing!
SOFT,phone+stale_claim,1947 Viking Ave,Deltona,3b4f1e2d-a4db-45ca-a211-e63abb0fd7c3,,Please call 407-585-2721 to schedule your private showing!
SOFT,phone+stale_claim,1965 Saffron Ct.,Oviedo,5652ebec-6eff-4512-8a4e-837087a1b425,,Professionally managed by Atrium Management please call 407-585-2721 to schedule your private showing.
SOFT,phone+stale_claim,19693 Shady Oaks Dr,Lutz,16321025-fd4f-47cc-97fd-274f8bfac166,,Please call 813-787-4477 or 813-553-3444 to schedule your private showing!
SOFT,phone+stale_claim,1985 Saffron Court,Oviedo,d3e96030-2398-4434-89ac-8808a0dea9e2,,Professionally managed by Atrium Management please call 407-585-2721 to schedule your private showing.
SOFT,phone+stale_claim,1997 Dixie Belle Drive,Orlando,0e981699-258f-402c-ba45-7a419c3c7391,,Please call 407-585-2721 to schedule your private showing
SOFT,phone+stale_claim,200 St. Andrews Boulevard #2403,Winter Park,c53e05da-ab08-49ad-a3a5-9b6d5a081f93,,"Professionally LEASED by Atrium Management, don't wait, call (407) 585-2721 to schedule your view"
SOFT,phone+stale_claim,2009 E Jefferson St - A,Orlando,ed1a3fd2-7105-4871-a615-b9f15696c6ff,,Please call 407-585-2721 to schedule your private showing.
SOFT,phone+stale_claim,2013 E Jefferson Street,Orlando,cd58239c-19b9-4e84-b879-1c36f54962d5,,Professionally managed by Atrium Management please call 407-585-2721 to schedule your private showing.
SOFT,phone+stale_claim,2019 Canopy Terrace Blvd,Deland,7961f478-1ab6-4dbb-a101-5a6bc3e7760d,,"This property is professionally leased and managed by Atrium Management Company, call today to schedule a private showing (407) 585-2721."
SOFT,phone+stale_claim,2019 Dixie Belle Drive,Orlando,7623d3d5-ded0-4b05-9788-c26b1ca1ba3b,,Please call 407-585-2721 to schedule your private showing!
SOFT,phone+stale_claim,2022 Torchwood Drive,Orlando,4aca0f25-fb59-4a29-bc00-4c61740f1fa7,,Please call 407-585-2721 to schedule your private showing!
SOFT,phone+stale_claim,2035 Dixie Belle Drive,Orlando,47323a00-c9f1-479a-be0f-9e58d3561b0b,,Call 407-585-2721 to schedule your private showing today!
SOFT,phone+stale_claim,204 Trieste Loop,Lake Mary,a86728a5-5dc8-4365-a06f-c7bdcaa10ee7,,Professionally managed by Atrium Management please call 407-585-2721 to schedule your private showing.
SOFT,phone+stale_claim,2043 Meadow Pond Way,Orlando,4775a46e-9063-4971-89f5-721d4e439a18,,Call 407-585-2721 to schedule your private showing today!
SOFT,phone+stale_claim,2047 Dixie Belle Drive,Orlando,8747a5b8-ac56-4992-86e1-cf2744499d7b,,Please call 407-585-2721 to schedule your private showing!
SOFT,phone+stale_claim,2051 Canopy Terrace Blvd,Deland,2169756e-5004-4ab7-91ab-9ea3b337216b,,"This property is professionally leased and managed by Atrium Management Company, call today to schedule a private showing (407) 585-2721."
SOFT,phone+stale_claim,2055 Canopy Terrace Blvd,Deland,ba40dc01-9e9a-46ff-b4a9-472800a46451,,"This property is professionally leased and managed by Atrium Management Company, call today to schedule a private showing (407) 585-2721."
SOFT,phone+stale_claim,"206 E. South St, UNIT 5035",Orlando,62c86b98-ba4d-4be7-adcd-86783fa31f45,,Please call 407-585-2721 to schedule your private showing!
SOFT,phone+stale_claim,206 W. Wisconsin Avenue Unit A,Deland,7fa1594c-3cf0-4216-944c-9d3ebed5cb4d,,Call 407-585-2721 to schedule your private showing.
SOFT,phone+stale_claim,208 Kays Landing,Sanford,a12d8310-d436-4b26-a65b-121fb4b5b5fe,,"Professionally Managed by Atrium Management, call today to schedule your private showing 407-585-2721."
SOFT,phone+stale_claim,2092 Ironton Pl,The Villages,1d9061ca-6acc-41eb-8bce-55a5971b5f55,,"12 Months lease Professionally LEASED by Atrium Management, don't wait, call (407) 585-2721 to schedule your viewing!"
SOFT,phone+stale_claim,21 North Court,Indialantic,5cf88540-8b03-4892-b437-e79bfdb8dc20,,Please call 321-779-7785 to schedule your private showing!
SOFT,phone+stale_claim,2103 Havasu Falls Drive,Deland,ce051dcc-dd0c-47c4-828a-9191d46c2094,,"This property is professionally leased and managed by Atrium Management Company, call today to schedule a private showing (407) 585-2721."
SOFT,phone+stale_claim,2104 Canopy Terrace,Deland,3df08ef5-ac1e-465e-8467-88e5400a5aa6,,"This property is professionally leased and managed by Atrium Management Company, call today to schedule a private showing (407) 585-2721."
SOFT,phone+stale_claim,2108 Canopy Terrace Blvd,Deland,4766260e-5641-4bea-bca9-e65c70c2c6cc,,Showings: Please call 407-585-2721 to schedule your private tour!
SOFT,phone+stale_claim,2131 Retreat View Circle,Sanford,a3b62f5a-1b54-407b-8b95-524fdf441b34,,Professionally leased and managed by Atrium Management please call 407-585-2721 to schedule your private showing.
SOFT,phone+stale_claim,2134 Osprey Woods Circle,Orlando,4377aef8-04ad-4fd2-a368-9f12999ff5de,,Professionally managed by Atrium Management please call 407-585-2721 to schedule your private showing.
SOFT,phone+stale_claim,214 Hanging Moss Circle,Lake Mary,80061d5d-2741-4b4f-90e5-a9a25961a9d4,,Please call 407-585-2721 to schedule your private showing!
SOFT,phone+stale_claim,2141 Canopy Terrace Blvd,Deland,ca112119-805c-4b45-b1b1-a9729e48bdc0,,"This property is professionally leased and managed by Atrium Management Company, call today to schedule a private showing (407) 585-2721."
SOFT,phone+stale_claim,217 Lewfield Circle,Winter Park,a066ab41-bb44-4df4-9ca3-6092d8d73006,,Professionally leased and managed by Atrium Management please call 407-585-2721 to schedule your private showing.
SOFT,phone+stale_claim,2177 Longwood Lake Mary Rd.,Longwood,fac4d897-eadd-4baf-9275-eeea8f9794b0,,Professionally managed by Atrium Management please call 407-585-2721 to schedule your private showing.
SOFT,phone+stale_claim,2177 Longwood Lake Mary Rd.,Longwood,e5c1ba68-fe7b-4955-ab05-c591eda18be1,,Professionally managed by Atrium Management please call 407-585-2721 to schedule your private showing.
SOFT,phone+stale_claim,2203 Silver Pines Pl #601,Orlando,dd48c861-25e1-4c0a-af55-bdac81e1ba20,,Call Atrium today to schedule a tour 407-585-2721!!!!
SOFT,phone+stale_claim,2205 Mystic Ring Loop,Kissimmee,16758398-c5e7-4b6b-a3f3-1122ed6a3db6,,Call today for your private showing (407) 585-2721.
SOFT,phone+stale_claim,2216 Elmsford Pt,Sanford,f7596329-b9ee-4636-9878-cc6ac67bf1f8,,This home is professionally leased and managed by Atrium Management please call today to schedule your viewing (407) 585-2721!
SOFT,phone+stale_claim,2221 Canopy Terrace Blvd,Deland,5efb70c2-8404-4ea7-9c7d-b4b936a3d651,,"This property is professionally leased and managed by Atrium Management Company, call today to schedule a private showing (407) 585-2721."
SOFT,phone+stale_claim,2225 Canopy Terrace Blvd,Deland,f4cf1bb6-a9e2-4f53-94dc-fe41dea29b7b,,"This property is professionally leased and managed by Atrium Management Company, call today to schedule a private showing (407) 585-2721."
SOFT,phone+stale_claim,225 Hanging Moss Circle,Lake Mary,a75138c8-b03a-4416-b257-3bf21b04cefa,,Professionally managed by Atrium Management please call 407-585-2721 to schedule your private showing.
SOFT,phone+stale_claim,2321 Formosa Avenue,Orlando,a14689e8-0d23-4210-8d19-5ef8094cbe77,,Please call 407-585-2721 to schedule your private showing!
SOFT,phone+stale_claim,234 Afton Square #303,Altamonte Springs,e999a471-4a32-424e-80c4-32f0801164da,,"Please call 407-585-2721 to schedule a tour today and experience all that 234 Afton Square, Unit #303 has to offer!"
SOFT,phone+stale_claim,2365 Essex Ave,Deltona,9e12c959-f3ec-4e86-b66d-7e4616834cc5,,Please call 407-585-2721 to schedule your private showing!
SOFT,phone+stale_claim,2378 Britwell Place,Sanford,9e74c2b5-134a-4dea-b0f6-608c6c8ee4a6,,Professionally managed by Atrium Management please call 407-585-2721 to schedule your private or virtual showing.
SOFT,phone+stale_claim,2404 Dickson Avenue,Orlando,5795ac46-c3e0-440d-9ed3-efb144cf12cf,,Contact us today at 407.585.2721 to schedule a showing!
SOFT,phone+stale_claim,2406 Mayer St - A,Orlando,e20317b3-943a-4cf5-8b7e-fa1410cae7f1,,Call us today at (407) 585-2721
SOFT,phone+stale_claim,241 Porchester Dr,Sanford,875dc4e2-bea4-498f-85fa-8e1e162e29a2,,"This home is professionally leased and managed by Atrium Management, call today to schedule your private showing 407-585-2721."
SOFT,phone+stale_claim,2413 Waxwing Way,Sanford,a139d4e1-09ab-4b2f-b3f5-7f32cca59f23,,Professionally managed by Atrium Management please call 407-585-2721 to schedule your private showing.
SOFT,phone+stale_claim,2421 White Magnolia Way,Sanford,0e45c2c3-aa4f-4070-ab38-876cb25ef5b3,,Professionally managed by Atrium Management please call 407-585-2721 to schedule your private showing.
SOFT,phone+stale_claim,2421 Wild Tamarind Blvd,Orlando,92d4a206-b5ee-49c4-a004-77eb5f500872,,Please call 407-585-2721 to schedule your private showing!
SOFT,phone+stale_claim,2437 E. Jefferson Street,Orlando,4a83bfc3-89cb-4e08-8684-e586b41b2c10,,Professionally managed by Atrium Management please call 407-585-2721 to schedule your private showing.
SOFT,phone+stale_claim,2444 Hickory Oak Blvd,Orlando,f7bdaf22-7513-436a-ac6f-fd78ca0e16a9,,Please call 407-585-2721 to schedule your private showing!
SOFT,phone+stale_claim,250 Killarney Drive,Winter Park,3494a68c-b636-4fe1-ad21-dbfc26e3ba8f,,Please call 407-585-2721 to schedule your private showing!
SOFT,phone+stale_claim,2504 Carmel Ln,Eustis,8695894c-958a-4c7c-a00c-f8a95a786ff2,,Please call 407-585-2721 to schedule your private showing!
SOFT,phone+stale_claim,2504 Grassy Pt. Dr. #214,Lake Mary,c5b0ba00-1c10-4d70-8ff3-f0968fc902d6,,Showings: Please call 407-585-2721 to schedule your private tour!
SOFT,phone+stale_claim,2505 E. Central Blvd.,Orlando,96d941d9-ea5d-4123-9702-ecd6f7606d71,,Please call 407-585-2721 to schedule your private showing!
SOFT,phone+stale_claim,2510 Lauder Dr,Maitland,c6763025-b577-4b80-87af-63ba23f5c3cd,,Call to set up an appointment today (407) 585-2721.
SOFT,phone+stale_claim,2513 Grassy Point Dr,Lake Mary,f50753bb-fe3d-48ea-92c6-4edeb2ceee1c,,Professionally managed by Atrium Management please call 407-585-2721 to schedule your private showing.
SOFT,phone+stale_claim,2516 Grassy Point Dr. #214,Lake Mary,570d7308-af37-4f8d-82cb-b521ce340cb1,,Please call 407-585-2721 to schedule your private showing!
SOFT,phone+stale_claim,2521 Grassy Point #113,Lake Mary,99d77469-2e36-4f95-b237-804adf1d6832,,Please call 407-585-2721 to schedule your private showing!
SOFT,phone+stale_claim,2528 E. Washington Street,Orlando,8c324b33-2db0-4632-9b73-757b756ce869,,Please call 407-585-2721 to schedule your private showing!
SOFT,phone+stale_claim,2533 Grassy Point Dr #101,Lake Mary,f123230e-5a83-4f9b-bbe1-c2f31f5b9150,,Professionally leased by Atrium Management please call 407-585-2721 to schedule your private showing.
SOFT,phone+stale_claim,2549 Grassy Point Drive #107,Lake Mary,b807da80-b446-46a5-add2-fd88d0de6bbe,,Please call 407-585-2721 or got to Atriummanagement.com to schedule your private showing!
SOFT,phone+stale_claim,2553 Grassy Pt. Dr #203,Lake Mary,336e38f2-83bb-4b03-bf85-38f2bd99d082,,Professionally managed by Atrium Management please call 407-585-2721 to schedule your private showing.
SOFT,phone+stale_claim,"2561 Grassy Point Dr, #303",Lake Mary,001e209a-10f2-4632-bc67-6316fe341a4b,,Call 407-585-2721 today to schedule your private showing — AVAILABLE NOW!!!!
SOFT,phone+stale_claim,2564 Woodgate Blvd Unit 206,Orlando,03c7653d-a87c-47bc-aa3a-77c4de09e96c,,Call today for your private showing (407) 585-2721.
SOFT,phone+stale_claim,2564 Woodgate Blvd Unit 206,Orlando,03c7653d-a87c-47bc-aa3a-77c4de09e96c,,"Professionally Managed by Atrium Management, don't wait, call (407) 585-2721 to schedule your viewing!"
SOFT,phone+stale_claim,2577 Grassy Point Dr. #205,Lake Mary,7668acd1-8a51-4042-9185-762d2a51bace,,Please call 407-585-2721 or got to Atriummanagement.com to schedule your private showing!
SOFT,phone+stale_claim,2584 Grassy Point Dr #200,Lake Mary,c9f4bfbc-cbb0-41d7-a64e-d0e6531ce76f,,Please call 407-585-2721 to schedule your private showing!
SOFT,phone+stale_claim,2585 Grassy Pt. Dr. #203,Lake Mary,02b1ba45-c5d9-49f4-8536-ef540c2315fc,,Professionally managed by Atrium Management please call 407-585-2721 to schedule your private showing.
SOFT,phone+stale_claim,259 High Castle Lane,Longwood,f265a7ef-5d4a-4ff9-b891-872687914c24,,Professionally managed by Atrium Management please call 407-585-2721 to schedule your private showing.
SOFT,phone+stale_claim,2591 Long Pine Ave,Apopka,d7cb0a6b-c611-42a9-b4a1-ad8be5dc1714,,"Please call (407) 585-2721 to schedule your private showing today, this home will not last!"
SOFT,phone+stale_claim,2597 Grassy Point Drive,Lake Mary,3c4f398b-c755-4218-9967-fa7443140144,,Showings: Please call 407-585-2721 to schedule your private tour!
SOFT,phone+stale_claim,2609 Emerald Lake Ct,Kissimmee,edc9ebb4-fde5-4e0c-8be6-49dd368751ab,,Call 407-585-2721 to schedule your private showing.
SOFT,phone+stale_claim,2610 S. Brown Avenue,Orlando,6b97fdfb-a9a6-4fce-8a82-b0ba3d1d8d06,,Professionally managed by Atrium Management please call 407-585-2721 to schedule your private showing!
SOFT,phone+stale_claim,2614 S. Brown Avenue,Orlando,364d8330-c7af-4373-ab36-72d591a924d5,,Call 407-585-2721 to schedule your private showing today!
SOFT,phone+stale_claim,262 Abbott Avenue,Lake Mary,b50f8def-45d8-48a0-b4e0-2a6910f019e9,,Professionally managed by Atrium Management please call 407-585-2721 to schedule your private showing.
SOFT,phone+stale_claim,2623 Emerald Lake Ct,Kissimmee,f236093e-f304-42b3-a8f7-55eaab41b8df,,Call 407-585-2721 to schedule your private showing
SOFT,phone+stale_claim,2629 Cahill Way,Lake Mary,8e70df19-30e0-418c-9bb9-559a2448a329,,"This property is professionally leased and managed by Atrium Management Company, call today to schedule a private showing (407) 585-2721."
SOFT,phone+stale_claim,2649 River Landing Drive,Sanford,b8ace60f-6d05-4670-ac13-dac8c5daf1f7,,Professionally managed by Atrium Management please call 407-585-2721 to schedule your private showing.
SOFT,phone+stale_claim,2665 E Juliet Dr,Deltona,910655a9-9c5c-4fe7-8e1b-9bf8cf442c3a,,"This property is professionally leased and managed by Atrium Management Company, call today to schedule a private showing (407) 585-2721."
SOFT,phone+stale_claim,2669 Emerald Lake Ct,Kissimmee,9f20c37a-ed55-4609-9135-83c0137581fb,,"To schedule your private showing, please call (407) 585-2721."
SOFT,phone+stale_claim,2669 Galliano Circle,Winter Park,c339ec9c-cd0d-4b45-8511-34a20cc69acf,,Professionally managed by Atrium Management please call 407-585-2721 to schedule your private showing.
SOFT,phone+stale_claim,2673 Emerald Lake Ct,Kissimmee,82f32d76-8a49-40ba-ab43-91060a9926cb,,Call 407-585-2721 to schedule your private showing
SOFT,phone+stale_claim,2681 Emerald Lake Ct,Kissimmee,471b12b8-2fb5-4edb-bbc6-da47f2c44177,,Call 407-585-2721 to schedule your private showing.
SOFT,phone+stale_claim,2687 River Landing Drive,Sanford,8a2d61a9-9a8d-4ef6-8db7-99e3aa24cdcb,,Professionally managed by Atrium Management please call 407-585-2721 to schedule your private showing!
SOFT,phone+stale_claim,269 San Paulo Ct,West Melbourne,a1d039b5-79bf-4996-a821-a729bcd11887,,"Professionally managed by Atrium Management Company, please call 321-779-7785 to schedule your in person showing."
SOFT,phone+stale_claim,2700 S Brown Ave,Orlando,e3561e65-6def-49f9-9858-eba481d09ef9,,Call 407.585.2721 today to schedule your private tour.
SOFT,phone+stale_claim,2702 S Brown Ave,Orlando,29ff57c6-6baf-42e7-bf7b-b448fbd10c81,,Call 407-585-2721 today to schedule your private showing!
SOFT,phone+stale_claim,2711 Rowan St,Tavares,d077201f-b273-4ee4-be11-05881b326e56,,Please call 407-585-2721 to schedule your private showing!
SOFT,phone+stale_claim,2717 Maitland Crossing Way Unit 205,Orlando,a1a8a124-e185-487f-a838-347f8ebde237,,Call 407-585-2721 to schedule your private showing today!
SOFT,phone+stale_claim,2719 W State St,Tampa,bc2974c8-2dba-4931-aaac-27583f4de257,,Contact us now to schedule a viewing: 813-553-3444 or 813-787-4477.
SOFT,phone+stale_claim,27502 Discover Ct,Leesburg,67c5842f-829c-4843-97b5-7a0f79ffa94e,,Please call 407-585-2721 to schedule your private showing!
SOFT,phone+stale_claim,277 Lakebreeze Cir,Lake Mary,aee6de06-0ee9-481b-8ba0-a9f014a47d1c,,Please call 407-585-2721 to schedule your private showing!
SOFT,phone+stale_claim,2817 Eastern Pkwy,Winter Park,2cf5868e-8211-4ff6-8d5d-06c4182aaacf,,Call today to schedule your private showing: (407) 585-2721.
SOFT,phone+stale_claim,2819 Falcon Crest Place,Lake Mary,988641ab-5659-4db8-a261-ab63aea2feda,,Professionally managed by Atrium Management please call 407-585-2721 to schedule your private showing.
SOFT,phone+stale_claim,2879 Arbor Dune,Apopka,bcbc7133-55b7-4091-bca9-3146f45ad077,,"Professionally LEASED by Atrium Management, don't wait, call (407) 585-2721 to schedule your viewing!"
SOFT,phone+stale_claim,289 Via Russo Ln,Lake Mary,9ff27d9f-5d41-49c5-9e23-dc8bf5f6f663,,Professionally managed by Atrium Management please call 407-585-2721 to schedule your private showing.
SOFT,phone+stale_claim,29 Silver Swan Ct,Kissimmee,755cc355-a151-4648-b914-3f81f94300cb,,Call (407) 585-2721 today to schedule your private viewing.
SOFT,phone+stale_claim,2916 E. Washington Street,Orlando,eca28951-6295-4be0-923f-cfe2ad655cd3,,Please call 407-585-2721 to schedule your private showing!
SOFT,phone+stale_claim,2917 Hunters Ln,Oviedo,4baba92b-970a-4b21-a3a9-7e904042043f,,Please call 407-585-2721 to schedule your private showing!
SOFT,phone+stale_claim,2920 E. Washington Street,Orlando,73dfd21a-fa85-4ee6-adde-73c92cb1f401,,Please call 407-585-2721 to schedule your private showing!
SOFT,phone+stale_claim,2920 Sunset Dr,New Smyrna Beach,614daabd-51b2-4d46-bfcb-ebf1a83c0529,,Don't miss your chance to enjoy all that this picturesque home has to offer -This home is professionally leased and managed by Atrium Management (407) 585-2721 book your showing today!
SOFT,phone+stale_claim,295 Greenway Ave NE,Palm Bay,dd893acb-16f6-466a-aca5-2d24160f70a5,,Please call (407) 585-2721  to schedule your private showing!
SOFT,phone+stale_claim,299 Drexel Ln,Debary,61e07eca-19f5-4d13-9fdc-b7459e06f97e,,Call today to schedule a private showing at (407) 585-2721.
SOFT,phone+stale_claim,30 N Primrose Dr,Orlando,7789b7ef-4aa6-49da-a909-cf799ccef816,,Call us today at (407) 585-2721 to schedule a tour and experience the charm and convenience of this home!
SOFT,phone+stale_claim,3020 Buckhanon Trail,Deland,621142d2-4601-411e-a954-4e8ea12bfeae,,Please call 407-585-2721 to schedule your private showing!
SOFT,phone+stale_claim,304 Grand Valley Dr.,Lake Mary,aa5baf1e-79dd-4a0f-bb40-da8d33b45e83,,Professionally managed by Atrium Management – Call 407-585-2721 to schedule your private showing today!
SOFT,phone+stale_claim,3042 Green Park Dr,Deland,4a56f22c-a815-4a8b-af0e-955112f17cff,,"This property is professionally leased and managed by Atrium Management Company, call today to schedule a private showing (407) 585-2721."
SOFT,phone+stale_claim,3062 Green Park Dr,Deland,8ea34d13-3ffa-48bc-a75d-7c0b900c2338,,"This property is professionally leased and managed by Atrium Management Company, call today to schedule a private showing (407) 585-2721."
SOFT,phone+stale_claim,3064 Irish Peach Dr,Winter Garden,efeec7b9-f9be-4a25-ab99-6144c2cb75b6,,Call 407-585-2721 to schedule your private showing today!
SOFT,phone+stale_claim,3070 Purple Martin Lane,Indialantic,7881eab3-6435-4545-b64b-22c34c6449b1,,"Professionally managed by Atrium Management Company, please call 321-779-7785 to schedule your in person showing."
SOFT,phone+stale_claim,3074 Green Park Dr,Deland,fc6de74b-850c-4dea-b855-a679b19a6754,,Schedule your private showing today by calling (407) 585-2721!
SOFT,phone+stale_claim,3074 Plaza Terrace #3074,Orlando,4f649676-9da1-4fe5-8832-0f4a86fe3ccf,,Please call 407-585-2721 to schedule your private showing!
SOFT,phone+stale_claim,310 Reed Grass Circle,Oviedo,556c0a50-9455-4abe-9bac-aecdfb9de56b,,Professionally managed by Atrium Management please call 407-585-2721 to schedule your private showing.
SOFT,phone+stale_claim,3132 South Bumby Ave,Orlando,19a71ccb-ae46-48c6-affc-654e16daa64b,,Professionally managed by Atrium Management please call 407-585-2721 to schedule your private showing.
SOFT,phone+stale_claim,314 E Harwood St #1,Orlando,6f050684-1a60-46b2-a81a-791f405e359e,,"This property is professionally leased and managed by Atrium Management Company, call today to schedule a private showing (407) 585-2721."
SOFT,phone+stale_claim,314 E Harwood St #2,Orlando,2039e397-c067-4c12-9888-a434be775b8b,,"This property is professionally leased and managed by Atrium Management Company, call today to schedule a private showing (407) 585-2721."
SOFT,phone+stale_claim,3170 Roland Dr,Deltona,8417ff70-9040-423c-ad11-fa0f008d7aa2,,Contact us today at (407) 585-2721 to schedule a private showing.
SOFT,phone+stale_claim,32 N Primrose Dr,Orlando,5d5f5ada-4249-494c-8056-a50ba68d1062,,Call us today at (407) 585-2721 to schedule a tour and experience the charm and convenience of this home!
SOFT,phone+stale_claim,320 Killarney Drive,Winter Park,bdaf43d7-2ef0-4131-b4a2-32bd254f1ec7,,Please call 407-585-2721 to schedule your private showing!
SOFT,phone+stale_claim,3204 Herons Point Cir,Kissimmee,e4acece1-cdc6-4c6f-a8ac-6bb6e0df7bec,,Call 407-585-2721 today to schedule your private showing.
SOFT,phone+stale_claim,3219 Anderson Rd #1/2,Orlando,9d874da6-46d3-4563-9bf3-86092eda3093,,Call 407-585-2721 to schedule your private showing today!
SOFT,phone+stale_claim,323 Arbor Lakes Circle,Sanford,b0f2bc46-d4a9-4d73-9d7e-0fbe11f97d22,,Professionally managed by Atrium Management please call 407-585-2721 to schedule your private showing.
SOFT,phone+stale_claim,3243 Vishaal Dr,Orlando,d9269ccf-f188-4d3c-9bef-d3a43a9424a6,,Please call 407-585-2721 to schedule your private showing!
SOFT,phone+stale_claim,325 Arbor Lakes Cir,Sanford,d28f538f-7f8a-4c0f-9696-f3bbd9426897,,Call 407-585-2721 to schedule your private showing today.
SOFT,phone+stale_claim,325 Wilton Cir,Sanford,450b77c4-c4da-43af-96b7-609c6f6a0c14,,Please call 407-585-2721 to schedule your private showing!
SOFT,phone+stale_claim,3309 Messina Drive,Lake Mary,3c4570f3-4927-4ca8-a772-2165a8ccbc1c,,Professionally managed by Atrium Management please call 407-585-2721 to schedule your private showing.
SOFT,phone+stale_claim,332 Wheelhouse Ln,Lake Mary,b1863573-859d-465d-b21b-773fdacbd261,,"This property is professionally leased and managed by Atrium Management Company, call today to schedule a private showing (407) 585-2721."
SOFT,phone+stale_claim,334 Sparrow Wood Ct,Lake Mary,9e7b1d45-4236-4f14-9ef5-fe2ba1e25eb7,,Call today to schedule a viewing (407) 585-2721!
SOFT,phone+stale_claim,3340 Alena Court,Winter Park,394ed09a-ffdd-40b6-b0a8-03013a3d856f,,Professionally managed by Atrium Management please call 407-585-2721 to schedule your private showing.
SOFT,phone+stale_claim,337 Grove Avenue,Winter Park,90fffd97-5ed4-41fa-85b7-d3409812bdfd,,"Professionally LEASED by Atrium Management, don't wait, call (407) 585-2721 to schedule your viewing!"
SOFT,phone+stale_claim,3372 River View Way,Winter Park,e63d4bbc-21bd-4da9-9fb2-ee715eb1f15c,,Please call 407-585-2721 to schedule your private showing!
SOFT,phone+stale_claim,343 Carina Circle,Sanford,03a08028-9d1e-441d-bfcb-088aa01dd1e2,,Professionally managed by Atrium Management please call 407-585-2721 to schedule your private showing.
SOFT,phone+stale_claim,345 Lakepointe Dr Unit 104,Altamonte Springs,01044351-7493-4486-9de2-de94c3ce681b,,"This property is professionally leased and managed by Atrium Management Company, call today to schedule a private showing (407) 585-2721."
SOFT,phone+stale_claim,345 Placid Lake Dr.,Sanford,ebc26484-f807-4ecc-aed4-0a469128ac2a,,Please call 407-585-2721 to schedule your private showing!
SOFT,phone+stale_claim,349 Grove Avenue,Winter Park,046ec668-5f86-4b95-a265-b0384e951157,,"Professionally Managed by Atrium Management, don't wait, call (407) 585-2721 to schedule your viewing!"
SOFT,phone+stale_claim,3505 Tabitha Court,Melbourne,1df78712-3714-4bd8-9753-d4bf5e41dd19,,Please call 321-779-7785 to schedule your private showing!
SOFT,phone+stale_claim,35281 Cassis Path,Zephyrhills,86c244d9-3e71-4a32-b3ce-4fe4f89bda8e,,*Utilities and rental benefit package not included in rent* Call 813-553-3444 to schedule your tour.
SOFT,phone+stale_claim,3542 Treetop St,Deland,6c5f162e-e82d-41ed-b294-34fb62b0a542,,"This property is professionally leased by Atrium Management Company, call today to schedule a private showing (407) 585-2721."
SOFT,phone+stale_claim,357 Cedarcrest Court,Lake Mary,85df2dd8-a411-47fd-8ab7-0922a99c2388,,"This property is professionally leased and managed by Atrium Management Company, call today to schedule a private showing (407) 585-2721."
SOFT,phone+stale_claim,3625 Bay Ct,Saint Cloud,829cacc4-14d2-489c-b7c3-d5bff3f23061,,Call (407) 585-2721 today to schedule your private showing!
SOFT,phone+stale_claim,3651 N. Goldenrod Road #C206,Winter Park,5d932bec-8091-42b9-9f9c-f0398e6f3e8e,,Call 407-585-2721 to schedule your private showing.
SOFT,phone+stale_claim,3651 Oakdale Cir APT 105,Oviedo,914b9807-3816-4301-9266-52d18ed3e456,,"Please call (407) 585-2721 to schedule your private showing today, this home will not last!"
SOFT,phone+stale_claim,371 Placid Lake Drive,Sanford,28870318-7b0a-4e7e-998c-a249da481b42,,Professionally leased by Atrium Management please call 407-585-2721 to schedule your private showing.
SOFT,phone+stale_claim,3720 Messina Dr,Lake Mary,4b28c93d-73b2-4e67-8669-f0c6b04e1aff,,Professionally managed by Atrium Management please call 407-585-2721 to schedule your private showing.
SOFT,phone+stale_claim,3732 Becontree Pl,Oviedo,4b174e07-31c9-4935-83b0-a5b671bfe3de,,Call (407) 585-2721 to schedule your private tour today!
SOFT,phone+stale_claim,3819 Fenster Ln,The Villages,526ed343-ffca-4fd7-b86e-1b53a7e6dc5e,,"This property can be leased furnished or unfurnished, it is professionally leased and managed by Atrium Management Company Call today to schedule a private showing (407) 585-2721."
SOFT,phone+stale_claim,3906 Angola Ln,Sanford,a1bde8d3-5394-4e58-a1ba-1d4d1727c0f2,,Please call 407-585-2721 to schedule your private showing!
SOFT,phone+stale_claim,3907 Quartz Ave,Orlando,6cd3818f-64de-43b2-8af1-3d05ea27fb05,,"This property is professionally leased and managed by Atrium Management Company, call today to schedule a private showing (407) 585-2721."
SOFT,phone+stale_claim,3967 Oakington Pl,Longwood,360bdcac-32ad-426c-a998-b47f51a39ffc,,Contact us today at (407) 585-2721 to schedule a private showing.
SOFT,phone+stale_claim,3970 Lancashire Ln,Longwood,df7ca452-020a-4059-85b0-2af7c70acbb5,,Call 407-585-2721 to schedule your private showing.
SOFT,phone+stale_claim,4001 Rosepointe Ct,Tampa,9030307b-1fbf-4944-a6c9-840ac2237293,,Call today to schedule a tour: 813.428.8643
SOFT,phone+stale_claim,4006 Bayfront Pkwy,Orlando,c810f40b-11cf-44a5-8b92-29c8aa4f08b9,,Call (407) 585-2721 today to schedule your private showing.
SOFT,phone+stale_claim,4006 Wilkes Dr,Melbourne,ba060832-2252-4478-bc6d-6b60051f2512,,Please call or text (407) 243-8937 to schedule your showing!
SOFT,phone+stale_claim,4010 Atrium Dr #U-7,Orlando,434b847b-31ef-4be6-b916-5a5c6ec8bb85,,"This property is professionally leased and managed by Atrium Management Company, call today to schedule a private showing (407) 585-2721."
SOFT,phone+stale_claim,4010 San Gallo Dr,Kissimmee,6799fc69-f989-4da6-afd9-2f13faeee1f6,,This property is professionally leased and managed by Atrium Management Company Call today to schedule a private showing (407) 585-2721.
SOFT,phone+stale_claim,4036 Messina Drive,Lake Mary,aeab35c7-985a-4072-9876-8bf6b7088845,,Professionally managed by Atrium Management please call 407-585-2721 to schedule your private showing.
SOFT,phone+stale_claim,404 E. 14th Street,Sanford,bedfc9a6-fb86-491e-b10b-8a469b3f02b2,,Professionally managed by Atrium Management please call 407-585-2721 to schedule your private showing.
SOFT,phone+stale_claim,404 E. 14th Street,Sanford,a31d232b-1e26-4107-849f-304c4a02172f,,"For inquiries and to schedule a private showing, please contact us at 407-585-2721."
SOFT,phone+stale_claim,404 E. 14th Street,Sanford,6d504c8c-bda8-4ac5-b31f-5624fb1f062e,,Professionally managed by Atrium Management please call 407-585-2721 to schedule your private showing.
SOFT,phone+stale_claim,404 E. 14th Street,Sanford,a8137d29-5a57-4793-9cac-aead50a48d52,,Professionally managed by Atrium Management please call 407-585-2721 to schedule your private showing.
SOFT,phone+stale_claim,405 Andes Avenue,Orlando,eb2b9fd6-267f-4f13-9b04-c92454eb8f54,,Schedule your private tour today—call 407-585-2721!
SOFT,phone+stale_claim,407 S Hawthorn Cir,Winter Springs,8a3bc192-7175-4f98-9c36-404c2d03059c,,"Professionally managed by Atrium Management, please call 407-585-2721 to schedule your private showing."
SOFT,phone+stale_claim,408 Kays Landing Dr,Sanford,0fcd4ae5-b5fb-4714-844b-ada33cb060f8,,"This home is professionally leased and managed by Atrium Management, call today to schedule your private showing 407-585-2721."
SOFT,phone+stale_claim,4082 Sapsucker Loop,Sanford,d02b41bb-e59c-4447-b805-a7b776216288,,Contact us at 407-585-2721 to schedule your private showing.
SOFT,phone+stale_claim,422 Springview Dr,Sanford,ce982903-c08a-4975-9161-cd032f05ca3b,,Call today to schedule a private showing (407) 585-2721.
SOFT,phone+stale_claim,426 Cape Honeysuckle Pl,Sanford,ba52998d-68e0-4216-a92d-4e998592cc83,,Professionally leased by Atrium Management please call 407-585-2721 to schedule your private showing.
SOFT,phone+stale_claim,4303 Shoshone Court,Saint Cloud,26407651-70b6-4280-8c1f-aea191208ed8,,Please call 407-585-2721 to schedule your private showing!
SOFT,phone+stale_claim,4310 Regal Town Lane,Lake Mary,88ef056e-8288-4cdc-a835-854b9dfd0e28,,Professionally managed by Atrium Management please call 407-585-2721 to schedule your private showing.
SOFT,phone+stale_claim,435 Pleasant St,Lake Helen,32408695-3fd5-4122-9fd2-a9cc250e48eb,,"This property is professionally leased and managed by Atrium Management Company, call today to schedule a private showing (407) 585-2721."
SOFT,phone+stale_claim,4401 Har Paul Cir,Tampa,cbeb16e2-3d79-4b7a-8650-e16d6af74866,,"For more information or to schedule a viewing, call Atrium Management at 813-787-4477 today!"
SOFT,phone+stale_claim,4401 Messina Drive,Lake Mary,a4dea154-dfe1-4631-95b5-00fed3f1abe0,,Professionally managed by Atrium Management please call 407-585-2721 to schedule your private showing.
SOFT,phone+stale_claim,4407 S Semoran Blvd Apt 2,Orlando,a627cf55-df24-4e1e-b996-e9ca56fd8eee,,"To schedule a tour, please call Atrium Management 407-585-2721!!"
SOFT,phone+stale_claim,446 Higher Combe Dr,Davenport,cbcae618-cf0a-4012-a116-2f09e41494ed,,Call 407-585-2721 to schedule your private showing today!
SOFT,phone+stale_claim,446 Wenthrop Cir,Rockledge,d3ab5345-4192-43d6-ae99-1c87a467d026,,Please call (407) 585-2721 to schedule your private showing!
SOFT,phone+stale_claim,46 Narcissus Dr,Debary,dbe61a3e-34e3-4d3f-8223-bf18b62d6ab1,,Please call 407-585-2721 to schedule your private showing!
SOFT,phone+stale_claim,460 Copperstone Circle,Casselberry,4d10d715-07bf-4851-857d-6cc39035e704,,Please call today (407) 585-2721 to schedule your private viewing!
SOFT,phone+stale_claim,4670 Elena Way,Melbourne,45bec5c6-2a64-46c9-bc7f-856ce62fdc3b,,Please call (407) 585-2721 to schedule your private showing!
SOFT,phone+stale_claim,4698 Tribute Trl,Kissimmee,38c10438-a3f0-4724-8258-0f27bf8ad0f1,,Call today to schedule a private showing (407) 585-2721.
SOFT,phone+stale_claim,474 Hunter Cir,Kissimmee,b6c11dfc-70cb-4754-b380-6618bfb76d5c,,"Professionally LEASED by Atrium Management, don't wait, call (407) 585-2721 to schedule your viewing!"
SOFT,phone+stale_claim,4761 Willamette Cir,Orlando,47b30088-1927-49d2-96f2-aca5f085daaf,,Call today for your private showing (407) 585-2721.
SOFT,phone+stale_claim,"4814 Lighthouse Circle,  Unit #36",Orlando,a68e7afc-ce65-4a9d-a7b3-5fb8b9ed7fde,,Professionally leased and managed by Atrium Management please call 407-585-2721 to schedule your private showing.
SOFT,phone+stale_claim,4827 Legacy Oaks Dr,Orlando,92f188c3-899b-4317-87da-b035c53fff29,,"This property is professionally leased and managed by Atrium Management Company, call today to schedule a private showing (407) 585-2721."
SOFT,phone+stale_claim,4862 S Semoran Blvd,Orlando,0d264cc9-5799-4ad1-b638-a01f9ca67fa2,,Please call 407-585-2721 to schedule your private showing!
SOFT,phone+stale_claim,4930 Shoreline Cir,Sanford,211aad3b-b252-49e0-85f0-a948539a2fad,,Professionally managed by Atrium Management please call 407-585-2721 to schedule your private showing.
SOFT,phone+stale_claim,4940 San Marino Circle,Lake Mary,b8935085-08fe-4cb8-b107-1b9d019be2dd,,Professionally managed by Atrium Management please call 407-585-2721 to schedule your private showing.
SOFT,phone+stale_claim,497 Cruz Bay Circle,Winter Springs,d51eccc8-ba47-49d1-a8b9-4462df01b643,,Professionally managed by Atrium Management please call 407-585-2721 to schedule your private showing.
SOFT,phone+stale_claim,500 Sagecreek Court,Winter Springs,a90c3433-bf94-4c28-a344-0e79cfb4d546,,Please call 407-585-2721 to schedule your private showing!
SOFT,phone+stale_claim,5026 Falmouth Dr,Orlando,0f25cf73-0b52-4208-bb15-8f44b20b2502,,Professionally leased and managed by Atrium Management please call 407-585-2721 to schedule your private showing.
SOFT,phone+stale_claim,5030 Maxon Terrace,Sanford,ab8eed2b-d051-4b6d-8dfd-0609b41aa186,,Please call 407-585-2721 to schedule your private showing!
SOFT,phone+stale_claim,5044 Fiorella Lane,Sanford,fd7e7e71-af52-4379-9ad3-2a849042ada2,,Professionally managed by Atrium Management please call 407-585-2721 to schedule your private showing.
SOFT,phone+stale_claim,505 Casa Marina Place,Sanford,2944d677-b7d9-4986-9e9b-74a6befce337,,Please call 407-585-2721 to schedule your private showing!
SOFT,phone+stale_claim,5119 Ferncrest Dr,Winter Park,c1c2fc31-5d40-444c-a210-4ca223779844,,"Professionally managed by Atrium Management, please call 407-585-2721 to schedule your private showing."
SOFT,phone+stale_claim,5130 Hawkstone Drive,Sanford,81509cb8-ec4d-4736-8dd2-976b22387dd6,,Please call (407) 585-2721 to schedule your viewing!
SOFT,phone+stale_claim,517-A Blackbird Lane,Poinciana,fdaefaa9-7fbd-41b2-8465-a7eee356aa0a,,Please call 407-585-2721 to schedule your private showing!
SOFT,phone+stale_claim,517-B Blackbird Lane,Poinciana,80ec6efc-c0e1-4623-843e-371d3172e0bb,,Call 407-585-2721 today to schedule your private showing and make 517 Blackbird Unit B your next place to call home.
SOFT,phone+stale_claim,5297 Maxon Terrace,Sanford,05eaabd1-d1c8-4654-bfb2-bfd2b5e9d510,,Professionally managed by Atrium Management please call 407-585-2721 to schedule your private showing.
SOFT,phone+stale_claim,530 Cranes Way,Altamonte Springs,b90a961f-9c90-479d-8a3e-7259251453a5,,Please call 407-585-2721 to schedule your private showing!
SOFT,phone+stale_claim,5313 Lake Bluff Terrace,Sanford,53a842f3-12f5-4c6e-9fab-8cad5941cf2c,,Professionally managed by Atrium Management please call 407-585-2721 to schedule your private showing.
SOFT,phone+stale_claim,5325 Curry Ford Rd Unit B201,Orlando,1a7bd754-f67d-4ee4-bb35-9b9ae5cf7905,,Call 407-585-2721 to schedule your private showing today!
SOFT,phone+stale_claim,536 Sunrise Dr,Orlando,71fe2aa9-899d-40d2-a251-1df5e4313f97,,Professionally managed by Atrium Management please call 407-585-2721 to schedule your private showing.
SOFT,phone+stale_claim,5403 Loma Vista Loop,Davenport,4a836f48-5738-45d4-acce-a900b36d6430,,"Call Atrium Management today to schedule your private showing, 407.585.2721!"
SOFT,phone+stale_claim,5420 Tessin Trl,Saint Cloud,0829539d-6f04-46c5-9e59-4bf99945fb8e,,"This property is professionally leased and managed by Atrium Management Company, call today to schedule a private showing (407) 585-2721 and experience the comfort and convenience this Saint Cloud rental has to offer."
SOFT,phone+stale_claim,5420 Tessin Trl,Saint Cloud,0829539d-6f04-46c5-9e59-4bf99945fb8e,,Call 407-585-2721 to schedule your private showing.
SOFT,phone+stale_claim,5435 Via Appia Way,Sanford,fcb6d13c-98d5-4c8d-b7ac-0b0ac46468fb,,Showings: Please call 407-585-2721 to schedule your private tour!
SOFT,phone+stale_claim,546 Heatheroak Cove,Altamonte Springs,6279b9b1-fef2-4f6e-a886-2f2d200beab5,,Call today to schedule your private showing 407-585-2721.
SOFT,phone+stale_claim,549 Elmcrest Place,Debary,232014d5-e503-480b-a0c6-8fedd7a6a3ca,,"Professionally managed by Atrium Management, Call today to schedule an appointment 407-585-2721."
SOFT,phone+stale_claim,5512 Decatur  Street,Orlando,9c635fa6-3492-4b9e-888a-f902fad77c87,,"Professionally LEASED by Atrium Management, don't wait, call (407) 585-2721 to schedule your viewing!"
SOFT,phone+stale_claim,5512 Metrowest Blvd,Orlando,ea9477c0-9d25-4a12-89fd-a44776a60ab9,,Call 407-585-2721 to schedule your private showing today – this must-see unit is AVAILABLE NOW!
SOFT,phone+stale_claim,5514 Decatur Street,Orlando,a30c0de4-cc58-48f5-bb23-d5ccbdb2b83c,,Please call 407-585-2721 to schedule your private showing.
SOFT,phone+stale_claim,5516 Decatur Street,Orlando,cf377548-fd2e-4a1a-a6cc-d33400e97b1f,,Please call 407-585-2721 to schedule your private showing.
SOFT,phone+stale_claim,5550 E Michigan St Unit 2330,Orlando,f3c88f1d-5aed-4794-bb82-cbed907d0e83,,Professionally managed by Atrium Management please call 407-585-2721 to schedule your private showing.
SOFT,phone+stale_claim,5556 Andrea St,Titusville,a08a5221-2d55-4825-bdb4-1c4eb586734e,,"Professionally managed by Atrium Management Company, please call 321-779-7785 to schedule your in person showing."
SOFT,phone+stale_claim,5558 Maggiore Blvd,Lakeland,76c6cf6f-e015-45c9-912f-c808572d1a18,,Contact Atrium Property Management today 863-688-1000 to apply or book a showing.
SOFT,phone+stale_claim,5629 Siracusa Ln,Sanford,009ebd4f-0615-4946-a830-9441496b6df5,,Professionally managed by Atrium Management please call 407-585-2721 to schedule your private showing.
SOFT,phone+stale_claim,566 Shining Armor Lane,Longwood,e8fbdd99-6ef6-43b8-a1a1-88eb3657e35f,,Professionally managed by Atrium Management please call 407-585-2721 to schedule your private showing.
SOFT,phone+stale_claim,584 Piazza Point,Oviedo,5c75f093-06de-4d2f-8927-000deff3d00a,,"This property is professional leased and managed by Atrium Management Company, call today to schedule a private showing 407-585-2721."
SOFT,phone+stale_claim,590 Pinebranch Circle,Winter Springs,7856ded3-bf63-4cb9-92a4-3e839f28213e,,Call 407-585-2721 today to schedule your private showing.
SOFT,phone+stale_claim,599 Pensacola Lane,Lake Mary,c6f6000c-c965-46bf-90bc-746aed0c7b5a,,Please call 407-585-2721 to schedule your private showing!
SOFT,phone+stale_claim,6010 Village Circle,Orlando,fcc8551d-643e-40ff-b1ce-c23e4d74651e,,"Professionally LEASED by Atrium Management, don't wait, call (407) 585-2721 to schedule your viewing!"
SOFT,phone+stale_claim,6031 Bimini Twist Loop,Orlando,8633f2a0-6b57-41f3-b959-a02c20515690,,Please call 407-585-2721 to schedule your private showing!
SOFT,phone+stale_claim,610 Cranes Way #202,Altamonte Springs,09374f72-c0e3-4c79-92a9-7193274dd937,,Call 407-585-2721 today to schedule your private showing!
SOFT,phone+stale_claim,611 Casa Park Court I,Winter Springs,dd5e3212-7656-4d5b-ac93-42f719d11008,,Please call 407-585-2721 to schedule your private showing!
SOFT,phone+stale_claim,6124 Curry Ford Rd. #250,Orlando,8294e2a4-caab-490d-a34a-17f40bfc9483,,Professionally managed by Atrium Management please call 407-585-2721 to schedule your private showing.
SOFT,phone+stale_claim,6129 Metrowest Blvd,Orlando,70f50fb0-4fb9-44fb-a103-3e5464cf3fd4,,Please call 407-585-2721 to schedule your private showing!
SOFT,phone+stale_claim,615 Casa Park Court A,Winter Springs,f1ddf895-8ea4-45db-bfb8-041e898d330d,,Please call 407-585-2721 to schedule your private showing!
SOFT,phone+stale_claim,6153 Metrowest Blvd,Orlando,4c033d18-87ee-490d-be7b-53f024e1f527,,Please call 407-585-2721 to schedule your private showing!
SOFT,phone+stale_claim,620 Florida Street,Orlando,93171002-2a9c-47e9-b0fc-a453970c4c09,,Professionally managed by Atrium Management please call 407-585-2721 to schedule your private showing.
SOFT,phone+stale_claim,620 Florida Street,Orlando,f5f2075d-9582-4254-848f-ffad1a7bfa88,,Professionally managed by Atrium Management please call 407-585-2721 to schedule your private showing.
SOFT,phone+stale_claim,620 Florida Street,Orlando,93250fa0-2bfa-4deb-96f3-380d8d9698ac,,Professionally managed by Atrium Management please call 407-585-2721 to schedule your private showing.
SOFT,phone+stale_claim,6262 Yorktown Dr #177,Orlando,a6114d54-5738-47ad-b7fc-3e605e0bacc6,,Professionally managed by Atrium Management please call 407-585-2721 to schedule your private showing.
SOFT,phone+stale_claim,630 Broadoak Loop,Sanford,41882ce2-ddde-44e9-88ff-3f5901b6cd54,,Showings: Please call 407-585-2721 to schedule your private tour!
SOFT,phone+stale_claim,630 Kenwick APT 102 Cir,Casselberry,525c56cf-eae2-4d12-9c7e-8fdfd984cac1,,Contact us today at 407.585.2721 to arrange a personal tour!
SOFT,phone+stale_claim,6330 Plymouth Sorrento Rd,Apopka,b40f0981-b193-406f-9bf9-7f9fb72c60ca,,Professionally leased and managed by Atrium Management please call 407-585-2721 to schedule your private showing.
SOFT,phone+stale_claim,6344 Kearce St,Orlando,74275a82-39c7-4a5b-97bc-053a8367265a,,"Professionally leased and managed by Atrium Management, don't wait, call (407) 585-2721 to schedule your viewing today!"
SOFT,phone+stale_claim,643 Pensacola Lane,Lake Mary,d96f815e-eb35-4d94-b1dd-3d88193918e1,,Professionally managed by Atrium Management please call 407-585-2721 to schedule your private showing.
SOFT,phone+stale_claim,647 Allerton Way,Sanford,2ab608f0-866a-40cb-9c42-6ad408c9c1cb,,Professionally managed by Atrium Management please call 407-585-2721 to schedule your private showing.
SOFT,phone+stale_claim,"6530 Swissco Dr, #1122",Orlando,f6f7564f-91ba-4e04-9906-6c3318ee2bc8,,Please call 407-585-2721 to schedule your private showing!
SOFT,phone+stale_claim,6557 Taxiway Cir,Orlando,83ca19e7-a434-45ed-ae71-1d8b5bd88e64,,"This property is professionally leased and managed by Atrium Management Company, call today to schedule a private showing (407) 585-2721."
SOFT,phone+stale_claim,6599 Taxiway Cir,Orlando,87f054c6-bebf-48a1-9328-1e9d8d4d7e12,,"This property is professionally leased and managed by Atrium Management Company, call today to schedule a private showing (407) 585-2721."
SOFT,phone+stale_claim,663 Red Wing Dr.,Lake Mary,450a92de-ed54-417b-8f3a-ea6ad6282c89,,Professionally managed by Atrium Management please call 407-585-2721 to schedule your private showing.
SOFT,phone+stale_claim,6634 Duncaster St,Windermere,54e582a2-b61f-42db-b770-3f061894f7fe,,Professionally managed by Atrium Management please call 407-585-2721 to schedule your private showing.
SOFT,phone+stale_claim,674 Sandy Neck Ln #204,Altamonte Springs,8194efb1-cb95-4846-ba42-0e18e928231e,,Professionally managed by Atrium Management please call 407-585-2721 to schedule your private showing.
SOFT,phone+stale_claim,686 Roaring Drive #342,Altamonte Springs,15f5b8fd-848c-44d2-a16a-43ad00447606,,Please call 407-585-2721 for more details!
SOFT,phone+stale_claim,7010 Arcadian Ct,Mount Dora,f4f39652-68cd-40dd-bd58-b30a721ed007,,"Professionally leased and managed by Atrium Management Company, call today to schedule a private showing (407) 585-2721."
SOFT,phone+stale_claim,715 Warrenton Road,Winter Park,ae98d400-db16-4b70-b988-48a000f10e31,,Call 407-585-2721 today to schedule your private showing and experience the comfort and convenience for yourself.
SOFT,phone+stale_claim,72 W. Esther Street,Orlando,202fcce3-d03d-4939-95b6-15a90f1ee830,,Please call 407-585-2721 to schedule your private showing!
SOFT,phone+stale_claim,724 Yager Ln,The Villages,297d3e3a-365e-4beb-b501-a7f5f5572919,,This property is professionally leased and managed by Atrium Management Company Call today to schedule a private showing (407) 585-2721.
SOFT,phone+stale_claim,731 W Canton Ave,Winter Park,26a6f8a7-367f-4dcd-a5ea-ba649e376f83,,"This property is professionally leased and managed by Atrium Management Company, call today to schedule a private showing (407) 585-2721."
SOFT,phone+stale_claim,73rd Ave,Saint Petersburg,9083954a-7690-4356-99eb-783c81869eb9,,Call 813-355-9968 or 813-553-3444 to schedule your tour!
SOFT,phone+stale_claim,7457 Ibis Dr,Lakeland,604427d6-e9f0-471f-9d54-2f9616afe385,,Schedule your tour today (863) 688-1000
SOFT,phone+stale_claim,755 Musago Run,Lake Mary,e1eebdb8-c36b-45ba-9522-eecb7b43988f,,Professionally managed by Atrium Management please call 407-585-2721 to schedule your private showing.
SOFT,phone+stale_claim,7555 Loon Avenue,Winter Garden,b309ede7-9762-4ce0-a6c1-ef897c76909e,,"This property is professionally leased and managed by Atrium Management Company, call today to schedule a private showing (407) 585-2721."
SOFT,phone+stale_claim,7611 Autumn Pines Drive,Orlando,b78a96be-6500-4e3b-b1ac-875bf48d821b,,Please call 407-585-2721 to schedule your private showing!
SOFT,phone+stale_claim,7619 Simms Ave,Orlando,fce04623-a1b8-4a60-bfad-1aeb4b0a8498,,Please call 407-585-2721 to schedule your private showing!
SOFT,phone+stale_claim,769 Star Magnolia Dr,Kissimmee,5fee5d5f-e1c3-45a6-b971-49c64ed4c0d0,,Call 407-585-2721 to schedule your private showing today!
SOFT,phone+stale_claim,786 Oak Burl Ct,Sanford,3d7e16b6-0731-43bd-8ae4-28dae01cdb8e,,"This property is professionally leased and managed by Atrium Management Company, call today to schedule a private showing (407) 585-2721."
SOFT,phone+stale_claim,787 Shropshire Lp,Sanford,b71d4967-5af5-4856-9fc3-63b7709feba1,,Please call 407-585-2721 to schedule your private showing!
SOFT,phone+stale_claim,804 Osprey Nest Pt,Sanford,cffccf08-678c-4f4f-82bd-939a7d95c781,,Please call 407-585-2721 to schedule your private showing!
SOFT,phone+stale_claim,805 Buckie Dr,Winter Springs,33f5bc9c-f3bc-4e56-929b-2a06ec980912,,"This property is professionally leased and managed by Atrium Management Company, call today to schedule a private showing (407) 585-2721."
SOFT,phone+stale_claim,815 Nelson Ave NE,Palm Bay,17f68dde-a960-4a83-8033-8954a435dceb,,Professionally managed by Atrium Management please call 407-243-8937 to schedule your private showing.
SOFT,phone+stale_claim,820 Camargo Way,Altamonte,7d8f2cf5-da46-4590-9cfe-57e88afc333f,,Please call 407-585-2721 to schedule your private showing!
SOFT,phone+stale_claim,820 Camargo Way,Altamonte,7d8f2cf5-da46-4590-9cfe-57e88afc333f,,Call 407-585-2721 to schedule your private showing
SOFT,phone+stale_claim,8201-71 Sun Spring Circle,Orlando,00027511-edd8-4d38-a8ed-7584466512a2,,Professionally managed by Atrium Management please call 407-585-2721 to schedule your private showing.
SOFT,phone+stale_claim,8203-22 Sun Spring Circle,Orlando,10e0a886-ece6-407d-b8b1-0520cd85e6ef,,Professionally managed by Atrium Management please call 407-585-2721 to schedule your private showing.
SOFT,phone+stale_claim,8203-62 Sun Spring Circle,Orlando,c6d29cee-c8a9-4cc5-9fe4-03972ccc72d9,,Please call Atrium Management at 407-585-2721 to schedule your private showing.
SOFT,phone+stale_claim,8205-43 Sun Spring Circle,Orlando,4e80f772-272b-4fe8-b8d9-82df90be935c,,Professionally managed by Atrium Management please call 407-585-2721 to schedule your private showing.
SOFT,phone+stale_claim,821 Lobelia Dr,Lake Mary,7c98b202-faa4-457c-a0fc-9d0ef93b08b8,,Please call 407-585-2721 to schedule your private showing!
SOFT,phone+stale_claim,8211-71 Sun Spring Circle,Orlando,0432d10c-807e-4dfd-a583-0b85a4cf412c,,Please call 407-585-2721 to schedule your private showing.
SOFT,phone+stale_claim,8215-61 Sun Spring Circle,Orlando,b1f7cace-edf9-46aa-9036-c83d9e01575f,,Please call 407-585-2721 to schedule your private showing.
SOFT,phone+stale_claim,822 Camargo Way,Altamonte,0e3dcdb6-4cc8-499c-a323-b6b1c4039a19,,Please call 407-585-2721 to schedule your private showing!
SOFT,phone+stale_claim,824 Wood Briar Loop,Sanford,b08902fd-59f9-4d01-9a31-b648d222b1a5,,Professionally managed by Atrium Management please call 407-585-2721 to schedule your private showing.
SOFT,phone+stale_claim,825 Bartlet Ln,The Villages,0207d053-c1b7-49b5-8e71-1a4080c24aa6,,"This property can be leased furnished or unfurnished, it is professionally leased and managed by Atrium Management Company Call today to schedule a private showing (407) 585-2721."
SOFT,phone+stale_claim,829 Camargo Way,Altamonte Springs,48a67e1e-bf83-4c50-a2da-f585bdee3372,,"Professionally Managed by Atrium Management, don't wait, call (407) 585-2721 to schedule your viewing!"
SOFT,phone+stale_claim,831 Camargo Way #306,Altamonte,4b0574d5-d096-47ad-8280-b88ce8f560c8,,Please call 407-585-2721 to schedule your private showing!
SOFT,phone+stale_claim,835 Dupont Street NE,Palm Bay,ec28fd42-de44-4836-8271-bbea9e856db4,,"Professionally managed by Atrium Management Company, please call 321-557-6464 to schedule your in person showing."
SOFT,phone+stale_claim,8400 Pippen Dr,Orlando,afa86428-41d9-4664-8658-770b8cfbdb91,,"Professionally Managed by Atrium Management, don't wait, call (407) 585-2721 to schedule your private viewing today!"
SOFT,phone+stale_claim,841 Seminole Avenue,Longwood,f1487f36-a3fa-4f45-8668-3d2ddb3aaa0f,,Please call 407-585-2721 to schedule your private showing!
SOFT,phone+stale_claim,8423 Randal Park Blvd.,Orlando,3e52f879-bd47-4b6c-b250-a5909fa4e619,,Professionally managed by Atrium Management please call 407-585-2721 to schedule your private showing.
SOFT,phone+stale_claim,856 Grand Regency Pointe,Altamonte Springs,2e202fb4-cdd1-42c8-b0bb-55bd0266d6ef,,"This property is professionally leased and managed by Atrium Management Company, call today to schedule a private showing (407) 585-2721."
SOFT,phone+stale_claim,857 Desert Mountain Ct,Kissimmee,f09cf117-1dc5-4517-ad92-ae6fd1bc522c,,Call today for your private showing (407) 585-2721.
SOFT,phone+stale_claim,8588 Powder Ridge Trl,Windermere,719ac21a-69ed-43c5-8f1e-6b60d08160e7,,Please call 407-585-2721 to schedule your private showing.
SOFT,phone+stale_claim,865 Taramundi Dr,Oviedo,d8c1fdbd-4812-4f61-b6d3-001486b37d1e,,Professionally leased and managed by Atrium Management please call 407-585-2721 to schedule your private showing.
SOFT,phone+stale_claim,869 Brutus Terrace,Lake Mary,33df8001-b35e-4009-9077-5d5ff0ae58b7,,"Professionally LEASED by Atrium Management, don't wait, call (407) 585-2721 to schedule your viewing!"
SOFT,phone+stale_claim,870 Farrington Drive,Deltona,1b2cbbfc-a479-4926-8f76-67c15ee611d8,,"Professionally managed by Atrium Management, Call 407-585-2721 today to schedule your private showing."
SOFT,phone+stale_claim,8732 Dufferin Lane,Orlando,6b714667-a8ae-45f8-b3d5-64dd1323bced,,Professionally managed by Atrium Management please call 407-585-2721 to schedule your private showing.
SOFT,phone+stale_claim,8743 The Esplanade #26,Orlando,53a88564-4dfa-4627-841e-853ccc7680f0,,Professionally managed by Atrium Management please call 407-585-2721 to schedule your private showing.
SOFT,phone+stale_claim,887 Fraser Dr,Kissimmee,5aee1400-472d-46ce-b5d5-c5c3194b7f2e,,"This property is professionally leased and managed by Atrium Management Company, call today to schedule a private showing (407) 585-2721."
SOFT,phone+stale_claim,8940 Azalea Sands Ln,Davenport,5941ef93-4d5e-4eef-9031-de1635cc09ed,,"This property is professionally leased and managed by Atrium Management Company, call today to schedule a private showing (407) 585-2721."
SOFT,phone+stale_claim,905 Pickfair Ter,Lake Mary,3201dc41-dde4-49fd-aaea-a1bd3d540128,,"Call or email today, to set up an appointment to see this beautiful home 407-585-2721."
SOFT,phone+stale_claim,9055 Shawn Park Place,Orlando,bcc0d191-35f7-4aba-9090-9ec46b291c06,,Please call 407-585-2721 to schedule your private showing!
SOFT,phone+stale_claim,9100 Martin Luther King St N Unit 606,Saint Petersburg,5e84ed23-4027-4061-9552-e7c34522b7a4,,Call 813-553-3444 or 813-787-4477 to schedule a viewing!!!
SOFT,phone+stale_claim,912 Covington Ct,Rockledge,9433cead-bce6-4b6a-abd7-379b34495bdd,,"Professionally managed by Atrium Management Company, please call 321-779-7785 to schedule your in person showing."
SOFT,phone+stale_claim,913 New Bedford Drive,Deland,a80777c0-4edd-4695-ab10-45102dd2bd78,,Call 407-585-2721 to schedule your private showing.
SOFT,phone+stale_claim,915 Pine Street,Titusville,12dfa3c3-61e1-4d8b-8544-c20fecfa33a5,,Please call or text 321-549.0284 to schedule your private showing!
SOFT,phone+stale_claim,919 Pine Street,Titusville,b103ddf5-010b-46b5-a6cc-83f784a53592,,"Professionally managed by Atrium Management Company, please call (407) 585-2721  to schedule your in person showing."
SOFT,phone+stale_claim,933 Ponderosa Pine Ct.,Orlando,ab9c11a3-1f5c-4a27-bd9a-5fe3d977663f,,"To schedule your private showing, call 407-585-2721 today!"
SOFT,phone+stale_claim,952-12 Courtyard Lane,Orlando,ad8d2395-6d18-4fca-8a2b-e332b44ccdc1,,Professionally managed by Atrium Management please call 407-585-2721 to schedule your private showing.
SOFT,phone+stale_claim,954 Forest Ridge Court #206,Lake Mary,118f85ad-31a8-47fd-a1a4-1823d15c0bf6,,Professionally Managed by Atrium Management Call 407-585-2721 to schedule your private showing today!
SOFT,phone+stale_claim,954-22 Courtyard Lane,Orlando,fee9fbbc-7718-44b8-a171-34349dba8650,,Professionally managed by Atrium Management please call 407-585-2721 to schedule your private showing.
SOFT,phone+stale_claim,963 Glen Abbey Circle,Winter Springs,61264225-f204-4c79-84e7-e4588a6940cc,,Please call 407-585-2721 to schedule your private showing!
SOFT,phone+stale_claim,Avenues of Baldwin Park,Orlando,bd52e4e3-9141-4e50-aa0e-edef20f35243,,Don’t miss your chance to call this stunning apartment home — schedule your tour today (407) 917-7786!
SOFT,phone+stale_claim,Avenues of Baldwin Park,Orlando,16337770-02b1-48e3-8aa8-644b9f858acf,,Schedule your tour today 407-671-0200
SOFT,phone+stale_claim,Barna Apartments,Titusville,0c8ce6c0-bba8-457d-8921-4ff1aaafd438,,Please call 321-479-0644 to schedule your in-person showing.
SOFT,phone+stale_claim,Bear Creek Apts (New),Bartow,238c5961-a6f0-429b-a7c8-dad37dfad65b,,Call or text 813-438-3799 for questions and to schedule an appointment!
SOFT,phone+stale_claim,CIRC5,Melbourne,b33dafdd-f2fc-49e9-8788-bbb7988c212d,,"Professionally managed by Atrium Management Company, please call (407) 585-2721   to schedule your in person showing."
SOFT,phone+stale_claim,Camelot Apartments,Gainesville,76eca804-4e26-4771-978f-eaf7a56fae32,,Please call (352)-338-7700 to schedule your private showing!
SOFT,phone+stale_claim,Camelot Apartments,Gainesville,3a9dad7b-63cf-47ee-9db9-dfac667d76fc,,Please call (352)-338-7700 to schedule your private showing!
SOFT,phone+stale_claim,Camelot Apartments,Gainesville,d2f2c892-7690-4077-bfbb-9a9ea2bb9ed2,,Please call (352)-338-7700 to schedule your private showing!
SOFT,phone+stale_claim,Camelot Apartments,Gainesville,1d22cc48-d192-41f3-b95d-e50b84fec017,,Please call (352)-338-7700 to schedule your private showing!
SOFT,phone+stale_claim,Camelot Apartments,Gainesville,ad22dcb2-dfc5-4895-9c49-a10519db28b6,,Please call (352)-338-7700 to schedule your private showing!
SOFT,phone+stale_claim,Camelot Apartments,Gainesville,95a13319-e9b9-497a-afd4-935c8af64d77,,Please call (352)-338-7700 to schedule your private showing!
SOFT,phone+stale_claim,Cutshaw Apartments,Richmond,f9fcf3f4-b233-41d8-a788-a7954ae3fe0b,,Professionally managed by Atrium Management please call 407-585-2721 to schedule your private showing.
SOFT,phone+stale_claim,Delaney Court,Orlando,511978e2-2546-49fd-a4bf-4a53411a325a,,"Professionally managed by Atrium Management, please call us at 407-258-1332 to schedule your private showing."
SOFT,phone+stale_claim,Dharma Apartments,Orlando,70eb6d7c-8ecc-4f2e-999f-3fcdac0c2ba3,,"For more details or to schedule a viewing, please contact us at 407-585-2721."
SOFT,phone+stale_claim,Dharma Apartments,Orlando,228a09e9-7463-4059-b4c2-c8477b62a381,,Professionally managed by Atrium Management please call 407-585-2721 to schedule your private showing.
SOFT,phone+stale_claim,EPIN2423-2431,Orlando,9748c1e1-22ba-44e9-bb57-904d53f7fc94,,Call 407-585-2721 to schedule your private showing.
SOFT,phone+stale_claim,EPIN2437-2471,Orlando,e648f666-d3f8-4118-b673-f7b4a79f763a,,Call 407-585-2721 to schedule your private showing today!
SOFT,phone+stale_claim,Elmwood Apartments,Orlando,1323928b-8045-4ae3-9501-37219294dd12,,Please call 407-585-2721 to schedule your private showing.
SOFT,phone+stale_claim,GEOR1527,Orlando,26961f94-abad-41bd-a2c3-5f1b02fbd959,,Call 407-585-2721 today to schedule your private showing and experience the comfort and convenience of this charming Orlando rental for yourself.
SOFT,phone+stale_claim,Janie B Apartments,Tampa,3259e94f-6e86-42a8-a4f6-16fe58e554e9,,Call 813-355-9968 to schedule your tour!
SOFT,phone+stale_claim,LOFTY APARTMENTS,Richmond,a01e1c10-6496-47b9-bc64-8d8abec09dc5,,Professionally managed by Atrium Management please call 407-585-2721 to schedule your private showing.
SOFT,phone+stale_claim,Marina Villas,Tampa,dc296b0e-b8ef-4acd-83d8-5c9effcb9ddf,,Professionally managed by Atrium Management please call 813-553-3444 to schedule your private showing.
SOFT,phone+stale_claim,Marina Villas,Tampa,a85dcc53-1059-4a46-a4af-d788e1320e9f,,Contact us today at 813-553-3444 to schedule a private tour and experience the epitome of modern living in one of Tampa's most desirable neighborhoods.
SOFT,phone+stale_claim,Millie Gardens,Gainesville,5fb87966-ad5a-4f0c-bf43-138f83575620,,"Contact Information: For more details or to schedule a viewing, contact Atrium Management at 352-462-4414 Gladys Weeks"
SOFT,phone+stale_claim,Millie Gardens,Gainesville,65c55513-649d-4edc-a2e0-67f2f43a6488,,Call today to schedule a tour 352-505-5174
SOFT,phone+stale_claim,Mirabella Apartments,Gainesville,404fb76e-b5da-4060-ba4b-c4fdd9c46967,,Please call (352)-338-7700 to schedule your private showing!
SOFT,phone+stale_claim,Mirabella Apartments,Gainesville,aaac487a-843a-4217-8e6c-b9590af076e9,,Please call (352)-338-7700 to schedule your private showing!
SOFT,phone+stale_claim,Mirabella Apartments,Gainesville,bc16e6ed-0b6f-4bc3-b4e7-99d6e55dc33d,,Please call (352)-338-7700 to schedule your private showing!
SOFT,phone+stale_claim,Mirabella Apartments,Gainesville,dbacd078-a1f2-4ced-acf4-22244278c20c,,Please call (352)-338-7700 to schedule your private showing!
SOFT,phone+stale_claim,Mirabella Apartments,Gainesville,98bd6d52-fd9f-477f-b58d-de4b4ffb4ef4,,Please call (352)-338-7700 to schedule your private showing!
SOFT,phone+stale_claim,Myrtle Ave Apartments,Sanford,4392df9a-d6c6-43dd-9920-83df96e5e766,,Professionally managed by Atrium Management please call 407-585-2721 to schedule your private showing.
SOFT,phone+stale_claim,NCEN130,Winter Park,2bb54eb7-4dfb-47a1-a24f-a79a0daaf5af,,Professionally managed by Atrium Management please call 407-585-2721 to schedule your private showing.
SOFT,phone+stale_claim,Royal Villas,Titusville,c1c72454-4ede-4817-a6ab-49e6ba5ba41e,,Professionally managed by Atrium Management please call 407-243-8937 to schedule your showing.
SOFT,phone+stale_claim,Royal Villas,Titusville,cb2dcda9-86b3-4425-8e91-4c4fe5ae44e0,,Professionally managed by Atrium Management please call 407-243-8937 to schedule your showing.
SOFT,phone+stale_claim,Salisbury Apartments,Deland,3a3648af-71c6-4987-a071-857c5b86f390,,Professionally managed by Atrium Management please call 407-585-2721 to schedule your private showing.
SOFT,phone+stale_claim,Salisbury Apartments,Deland,f8a9c292-b8f9-484c-b8d8-bb345aa01d5b,,Professionally managed by Atrium Management please call 407-585-2721 to schedule your private showing.
SOFT,phone+stale_claim,Stetson Apartments,Deland,65cf158d-8406-47de-b0a4-16f8e79c9350,,Contact us at 407-585-2721 to schedule your tour.
SOFT,phone+stale_claim,The Grande @ Gainesville,Gainesville,c5a0edfb-998b-4946-96a6-215862e38c78,,call today to schedule a private showing 352-462-4414
SOFT,phone+stale_claim,The Grande @ Gainesville,Gainesville,cc3a93ae-8467-4978-9ebf-f5abd420f9f8,,"Pets $250 one time Non refundable Pet monthly $25.00 This property is professionally leased and managed by Atrium Management Company, call today to schedule a private showing 352-462-4414"
SOFT,phone+stale_claim,The Grande @ Gainesville,Gainesville,939cce2a-2a85-4fe2-b32c-1d193d2b87b1,,"This property is professionally leased and managed by Atrium Management Company, call today to schedule a private showing (352) 505-5174."
SOFT,phone+stale_claim,The Hammocks at Camelot,Gainesville,4186f3ba-3f84-42eb-94e5-0bda9f328945,,Please call (352)-338-7700 to schedule your private showing!
SOFT,phone+stale_claim,The Hammocks by Butler,Gainesville,4f5b8816-3340-43d7-8388-4a4a3b7add29,,Please call (352) 377-2596 to schedule your private showing!
SOFT,phone+stale_claim,The Hammocks by Butler,Gainesville,c306955d-fe7e-4d35-8391-7339a5531eda,,Please call (352) 377-2596 to schedule your private showing!
SOFT,phone+stale_claim,The Hammocks off 6th,Gainesville,a8fa42da-4b49-4d5f-86fe-21801f286ab7,,Please call (352) 372-3826 to schedule your private showing!
SOFT,phone+stale_claim,The Hammocks off 6th,Gainesville,cfcdb6bb-9f37-4b1b-9d7a-3dcedc5a6189,,Please call (352) 372-3826 to schedule your private showing!
SOFT,phone+stale_claim,The Hammocks on 20th,Gainesville,a59677b5-3d88-48b1-b86a-3e769f1470d8,,"Call (352) 375-3077 to schedule your private showing, units are available now!"
SOFT,phone+stale_claim,The Hammocks on 34th,Gainesville,7afda2e8-8b01-418c-a0bd-9cd23e08c447,,Please call (352) 375-3077 to schedule your private showing!
SOFT,phone+stale_claim,The Lofts at Concord,Orlando,c3ea3172-e33d-492a-b29c-75f42e2be970,,Call 407-585-2721 today to schedule your private showing.
SOFT,phone+stale_claim,The Lofts at Concord,Orlando,1402e82c-b908-44ab-8a86-dc644ddc6b00,,Call 407-585-2721 today to schedule your private showing.
SOFT,phone+stale_claim,The Roberson,Orlando,0f639369-643e-4271-97fc-ccc49a139c1e,,Please call our office at 407-585-2721 to schedule a showing today!
SOFT,phone+stale_claim,Tumblin Creek,Gainesville,78b967c8-e1c4-48fb-ada4-5d1ad5953c70,,"Call today to schedule your tour 352-234-3496, Robin"
SOFT,phone+stale_claim,WMUR61,Orlando,23d8bdc1-f9c0-465e-86c2-9eb5cc2b6e89,,Call 407-585-2721 to schedule your private showing today!
SOFT,phone+url+stale_claim,139 Feather Edge Loop,Lake Mary,65bb5879-b095-4780-909f-2d6a0d8d2e61,,Professionally managed by Atrium Management please call 407-585-2721 to schedule your private showing or go to our website www.atriummanagement.com.
SOFT,phone+url+stale_claim,2061 Henri Avenue,Sanford,f0af5b26-5926-42e2-b265-6405957736c8,,"Call us today for more information at 407-585-2721, or check our website www.atriummanagement.com to view more photos of this property, other current listings, or to download a rental application."
SOFT,stale_claim,1 E King St,Orlando,f91039a6-18dd-4aef-8722-742c44046795,,3-Bedroom Home in the Heart of College Park Available Now.
SOFT,stale_claim,1 E King St,Orlando,f91039a6-18dd-4aef-8722-742c44046795,,AVAILABLE NOW!
SOFT,stale_claim,1 West Cary Apartments,Richmond,dd99e637-8721-42f7-b159-2d5c07b534c3,,Don't miss out on this amazing opportunity to experience the best of urban living in the heart of Richmond.
SOFT,stale_claim,1 West Cary Apartments,Richmond,8485472e-121e-471b-8793-ebea8a6c88ec,,Don't miss out on the opportunity to make this apartment your new home.
SOFT,stale_claim,1 West Cary Apartments,Richmond,65ef96ac-e998-4c75-a124-74a72eb309f6,,Don't miss out on an opportunity to experience this amazing apartment for yourself.
SOFT,stale_claim,1 West Cary Apartments,Richmond,65ef96ac-e998-4c75-a124-74a72eb309f6,,Contact us today to schedule a tour!
SOFT,stale_claim,1 West Cary Apartments,Richmond,c05e1a6e-cdaf-4a9c-8140-88bfae24c91f,,Don't miss out on the opportunity to make this charming apartment your new home.
SOFT,stale_claim,1 West Cary Apartments,Richmond,e71202eb-9768-4f22-9835-6a8f01c8ddce,,Don't miss out on this amazing opportunity to experience the best of urban living in the heart of Richmond.
SOFT,stale_claim,1 West Cary Apartments,Richmond,c20147dd-b24e-4756-a512-63c0f80a9db6,,Don't miss out on the opportunity to make this apartment your new home!
SOFT,stale_claim,100 Bantry Dr.,Lake Mary,9515c92d-c897-4e62-ae1f-c6cebe3449fb,,AVAILABLE NOW!!!
SOFT,stale_claim,1004 Sugarberry Trl,Oviedo,26155130-06fa-4639-9dd6-b44fe2b90bb9,,"BEAUTIFUL 3 Bedroom 2 Bath Alafaya Woods Home in Oviedo, Available Now!"
SOFT,stale_claim,1004 Sugarberry Trl,Oviedo,26155130-06fa-4639-9dd6-b44fe2b90bb9,,"BEAUTIFUL 3 Bedroom 2 Bath Alafaya Woods home in Oviedo, available Now!"
SOFT,stale_claim,1010 S Miramar Ave,Indialantic,dd020c0c-18e4-4827-a7f8-776178f84f7a,,AVAILABLE NOW!!!
SOFT,stale_claim,1010 S Miramar Ave #W,"Indialantic Beach,",c37a2a01-ff05-4dd7-baa1-3065529cfa04,,Don't miss the opportunity to make this beachside home your next address.
SOFT,stale_claim,10109 Marsh Pine Cir,Orlando,24721c56-6bf1-4f0a-a9f8-1dba9694e9bc,,Don't miss out on this extraordinary opportunity to elevate your living experience to new heights.
SOFT,stale_claim,1013 Cypress Ave,Sanford,5f4133e9-35df-406c-b5f5-f95c60ef0639,,Call today to schedule your personal viewing!
SOFT,stale_claim,1013 Cypress Ave,Sanford,5f4133e9-35df-406c-b5f5-f95c60ef0639,,Call today to schedule your personal viewing!
SOFT,stale_claim,1017 Priory Cir,Winter Garden,3ef46d6f-0b6d-4f38-b474-8cad1d36356b,,Don't miss out on this fantastic opportunity to make this house your new home!
SOFT,stale_claim,10226 Fiddley Aly,Orlando,f23c1b4e-f207-4b18-b93c-193aecc12d89,,AVAILABLE NOW!
SOFT,stale_claim,1023 Dishman Loop,Oviedo,5a33cf9b-e22e-4583-826b-e83fdfa3854b,,Call Now to See This Spacious 4-Bedroom Gem in Oviedo
SOFT,stale_claim,1023 Dishman Loop,Oviedo,5a33cf9b-e22e-4583-826b-e83fdfa3854b,,Don’t miss out on this incredible opportunity!
SOFT,stale_claim,1024 Federal St,Orlando,b9e851b8-9487-44bc-841f-acdcb8777226,,"***LIMITED TIME SPECIAL*** Approved applicants receive $500 off of one month's rent, Apply Now!!!"
SOFT,stale_claim,1024 Federal St,Orlando,b9e851b8-9487-44bc-841f-acdcb8777226,,Don’t miss the chance to call this bungalow home!
SOFT,stale_claim,1026 12th St N,St. Petersburg,e2d33c2b-92e4-404f-9ee6-12ee6bbae537,,Don't wait—apply now and experience the best of St.
SOFT,stale_claim,1026 12th St N,St. Petersburg,e2d33c2b-92e4-404f-9ee6-12ee6bbae537,,Call today for more details and to schedule a tour!
SOFT,stale_claim,1028 Cranberry Rd SE,Palm Bay,16f8274d-843f-4602-b10a-aae650995662,,- AVAILABLE NOW!
SOFT,stale_claim,1028 Harden Ct,Lakeland,ea3501fa-1d37-4037-91b2-1160dbfdc51f,,Schedule your private tour today!
SOFT,stale_claim,1028 Pavia Dr,Apopka,7ce723d5-9c0f-4ec5-b01a-53b42ae1a6c5,,"Don't miss out on this amazing opportunity to live in the Crossing at Emerson Park, where comfort and convenience meet in perfect harmony."
SOFT,stale_claim,1028 Pavia Dr,Apopka,7ce723d5-9c0f-4ec5-b01a-53b42ae1a6c5,,Contact us today to schedule a tour and make this house your new home!
SOFT,stale_claim,1028 Pavia Dr,Apopka,7ce723d5-9c0f-4ec5-b01a-53b42ae1a6c5,,Call for your private showing today!
SOFT,stale_claim,103 Northwood Drive,Longwood,be90850c-cbf8-4160-afa7-04a1ed56e188,,AVAILABLE NOW!!!
SOFT,stale_claim,10304 Rostand Aly,Orlando,5d12a692-3d8c-4c5a-8647-06cbba938b6d,,"Don’t miss your chance to enjoy the best of Lake Nona in this pristine, move-in ready apartment!"
SOFT,stale_claim,1035 N Combee Rd,Lakeland,10a83d81-46a3-4674-ab0f-29ac8c725b5b,,Contact us today to schedule a tour and make this house your new home!
SOFT,stale_claim,10413 Cresto Del Sol Cir,Orlando,b7b3d14f-1a9c-484a-a81f-d8a9cfb51291,,Don't miss this great opportunity—schedule your tour today!
SOFT,stale_claim,10414 Andover Point Cir,Orlando,f6970372-63bc-4ee9-851f-4a19b2b7bef2,,Don’t miss the opportunity to make this charming property your new home.
SOFT,stale_claim,10414 Andover Point Cir,Orlando,f6970372-63bc-4ee9-851f-4a19b2b7bef2,,Schedule your tour today!
SOFT,stale_claim,105 Brierwood Drive,Sanford,6cb0b838-f22f-44f4-b986-f7225162fe93,,"Don’t miss out on this fantastic 4-bedroom, 2-bathroom pool home on a corner lot in the sought-after Idyllwilde of Loch Arbor community!"
SOFT,stale_claim,105 Brierwood Drive,Sanford,6cb0b838-f22f-44f4-b986-f7225162fe93,,Call today for a private tour—this home won’t last long!
SOFT,stale_claim,105 N. Weathersfield Avenue,Altamonte Springs,56339ac9-52c8-4bac-9a94-7c3878cb9122,,AVAILABLE NOW!!!
SOFT,stale_claim,10523 Cresto Del Sol Cir,Orlando,e1c513dc-0b94-4b69-b066-e354ebfbc8c4,,AVAILABLE NOW!!!
SOFT,stale_claim,10563 County Road 237,Oxford,6351142e-0a7b-4513-9a2c-7b68e79a8200,,Don't miss out on this opportunity to call this house your home and experience the tranquility and comfort that it has to offer.
SOFT,stale_claim,108 Spring Valley Loop,Altamonte Springs,ae66b8f9-2cb4-429d-bd4c-297a9e526373,,Don't miss the opportunity to make this house your home.
SOFT,stale_claim,108 Sycamore Ct,Sanford,37cde735-486b-4649-aac0-fdd62558bb2e,,AVAILABLE NOW!!!
SOFT,stale_claim,108 Sycamore Ct,Sanford,37cde735-486b-4649-aac0-fdd62558bb2e,,AVAILABLE NOW!!!
SOFT,stale_claim,109 James Avenue,Orlando,8ee98513-d7c7-40a3-87df-8f7d9298153c,,AVAILABLE NOW!
SOFT,stale_claim,109 James Avenue,Orlando,b90a46ae-0f25-4ac5-a052-d7223779863e,,Don’t miss your opportunity to live in one of Orlando’s most vibrant communities — Thornton Park!
SOFT,stale_claim,109 James Avenue,Orlando,b90a46ae-0f25-4ac5-a052-d7223779863e,,AVAILABLE  NOW!!
SOFT,stale_claim,109 James Avenue Unit 2,Orlando,e096b010-e645-4476-bfd4-eb746bc0ea40,,AVAILABLE NOW!MUST SEE!!!
SOFT,stale_claim,1100 Lake Shadow Circle #2306,Maitland,4a0b4a41-50a5-4865-bb4d-0128a9b1c5aa,,Don't miss out on the opportunity to make this stunning condo your home.
SOFT,stale_claim,1100 Lake Shadow Circle #2306,Maitland,4a0b4a41-50a5-4865-bb4d-0128a9b1c5aa,,Schedule your private showing today and experience the lifestyle and convenience you've been looking for!
SOFT,stale_claim,1102 Elmwood St #G,Orlando,bdfd2358-76f9-4df4-a120-2902361d50f0,,Don't miss out on this fantastic opportunity—schedule your private tour today!
SOFT,stale_claim,1102 Levensor Court,Sanford,144f768c-edf8-467c-9960-5a5a71e3b07f,,Schedule your private tour today!
SOFT,stale_claim,1103 N Combee Rd,Lakeland,91a45fa4-be7c-4c27-b31e-8ede5101d590,,"Don't miss out on the opportunity to make this lovely house your new home in Lakeland, FL."
SOFT,stale_claim,1106 Lake Willisara Cir #20-25,Orlando,52df0460-85f9-472d-be44-59625b643b09,,Don't miss your chance to own this wonderful lakeside property!
SOFT,stale_claim,112 Cory Lane,Winter Springs,c485eda5-302e-4c3a-9f35-f4b9b27133e1,,Bright 2BR/2BA Apartment Near Winter Springs Town Center – Available NOW!!
SOFT,stale_claim,11213 Moonshine Creek Circle,Orlando,d9afcec3-ce60-444c-924f-c09c72b8090c,,AVAILABLE NOW!!!
SOFT,stale_claim,11242 Savannah Landing Circle,Orlando,829a8570-c5ef-45e4-b91d-50c3b0015e0e,,AVAILABLE NOW!!!
SOFT,stale_claim,113 N. High Street,Lake Mary,ff409f56-7a00-47a8-8117-a4bc728caa16,,AVAILABLE Now!!
SOFT,stale_claim,1131 Kersfield Cir,Lake Mary,b35a99b6-7b87-4013-bf8d-b355796c453c,,AVAILABLE NOW!!!
SOFT,stale_claim,1131 Kersfield Cir,Lake Mary,b35a99b6-7b87-4013-bf8d-b355796c453c,,Don’t miss out on this exceptional property—schedule your tour today!
SOFT,stale_claim,114 Cory Lane,Winter Springs,5a8c6d65-3bb0-4924-a3ae-e888b793decd,,Charming 2-Bedroom in the Heart of Winter Springs – Available Now!
SOFT,stale_claim,114 Cory Lane,Winter Springs,5a8c6d65-3bb0-4924-a3ae-e888b793decd,,This charming unit won’t last long!
SOFT,stale_claim,114 Cory Lane,Winter Springs,5a8c6d65-3bb0-4924-a3ae-e888b793decd,,Schedule your private showing today and experience Winter Springs living at its best.
SOFT,stale_claim,116 Becket Lane,Lake Mary,e0d954b4-cb2c-4f27-a6ae-34495362c606,,Newly Renovated 1 Bed  in Barclay Place Available Now!!!
SOFT,stale_claim,116 W. 19th Street,Apopka,2a667a38-dd8a-494b-a09f-735634dc3e1b,,Availability: AVAILABLE NOW!
SOFT,stale_claim,116 W. 19th Street,Apopka,2a667a38-dd8a-494b-a09f-735634dc3e1b,,Schedule Your Showing Today!
SOFT,stale_claim,116 W. 19th Street,Apopka,2a667a38-dd8a-494b-a09f-735634dc3e1b,,Don't miss out on this Apopka gem.
SOFT,stale_claim,1165 Paseo De Las Flores Apt C,Casselberry,38b4ec7f-20f1-48dc-bd18-d256294e2b84,,Don't miss the chance to make this sophisticated condo your own!
SOFT,stale_claim,1165 Paseo De Las Flores Apt C,Casselberry,38b4ec7f-20f1-48dc-bd18-d256294e2b84,,Don't miss this incredible opportunity!
SOFT,stale_claim,11993 Charades St,Orlando,f80b757c-ca43-4df4-ae4d-dbb8af96aaa8,,Don’t miss your chance to live in one of Lake Nona’s most sought-after communities — Storey Park!
SOFT,stale_claim,12 South Court,Indialantic Beach,076b6e62-4b5b-49b1-b9c7-0ca3875accf5,,AVAILABLE NOW!!!
SOFT,stale_claim,120 N. Cervidae Drive,Apopka,e94a9249-6dad-4afd-bbce-d59aaba98a88,,AVAILABLE Now!!
SOFT,stale_claim,1208 Cloverlawn Ave,Orlando,ec39c9d1-ba3e-4e49-81b5-31176cb23970,,AVAILABLE NOW!!!!
SOFT,stale_claim,1210 Cloverlawn Ave,Orlando,14c5d5d7-0368-40aa-aa49-10a415144151,,Don't miss your chance to make 1210 Cloverlawn Ave your new home!
SOFT,stale_claim,1216 Cloverlawn Ave - A,Orlando,858aa349-b17e-45a0-94b3-46e02ebfb96a,,Don’t miss out on this opportunity to live in one of Orlando’s most desirable neighborhoods.
SOFT,stale_claim,1216 Cloverlawn Ave - A,Orlando,858aa349-b17e-45a0-94b3-46e02ebfb96a,,Schedule a viewing today and make 1216 Cloverlawn your new home!
SOFT,stale_claim,1216 Margaret Ave,Haines City,361dc39b-724b-4df4-b9f2-1e9b3eafbf26,,Don't miss your chance to make this home yours!
SOFT,stale_claim,"12220 Wild Iris Way, #112",Orlando,f0adddab-6303-4b97-8f5f-73bab047d244,,AVAILABLE NOW!!!
SOFT,stale_claim,1224 Travertine Terrace,Sanford,252cb2f3-2c1f-40cb-857b-9ec4b6f8dd54,,AVAILABLE NOW!!!!!!
SOFT,stale_claim,12262 Fox Hound Lane,Orlando,d6866c71-1d82-499c-9337-6ba8c280bf0c,,2 Bed 2 Bath two story town home is available now!
SOFT,stale_claim,12268 Fox Hound Ln,Orlando,32e712f8-47ba-4ff1-8798-ddc2b7af8fdf,,Don't miss out on this fantastic opportunity to call this townhouse your new home.
SOFT,stale_claim,12268 Fox Hound Ln,Orlando,32e712f8-47ba-4ff1-8798-ddc2b7af8fdf,,AVAILABLE NOW!!!
SOFT,stale_claim,12270 Fox Hound Ln,Orlando,e9009913-8eb4-4d28-a4ee-7ab1ab494cdd,,AVAILABLE Now!
SOFT,stale_claim,1234 Cascade Dr,Davenport,74e3b83c-d6dd-4b02-b8d6-8a145b7eab5d,,Schedule your private tour now!
SOFT,stale_claim,12407 Ballentrae Forest Dr,Riverview,02903c0a-4dd5-488e-aa77-ca1cc956e145,,AVAILABLE NOW!!!
SOFT,stale_claim,1245 Alafia Way,Poinciana,72cd3236-6cd7-4d22-a9cc-57ed8a9b738c,,Beautiful BRAND-NEW 4 bedroom 2 bath home in Poinciana AVAILABLE IMMEDIATELY!
SOFT,stale_claim,1245 Alafia Way,Poinciana,72cd3236-6cd7-4d22-a9cc-57ed8a9b738c,,AVAILABLE IMMEDIATELY!!
SOFT,stale_claim,1246 Fox Hedge Ln,Saint Cloud,a5e6202d-8721-4ff0-91c3-065a7926395c,,This end-unit gem is a must-see and won’t last long!
SOFT,stale_claim,125 Bel Fiore Cove,Sanford,0a076c76-0590-43e5-a380-ea5b5626f26c,,Don’t miss the chance to call this charming townhouse your new home—schedule a tour today!
SOFT,stale_claim,1250 S Denning Dr Unit 108,Winter Park,be02c8a9-db10-4a7e-9657-003093a9580d,,Professionally managed by Atrium Management — don’t wait!
SOFT,stale_claim,1250 S Denning Dr Unit 108,Winter Park,be02c8a9-db10-4a7e-9657-003093a9580d,,Don’t miss your chance to call this exceptional residence home!
SOFT,stale_claim,1250 S Denning Dr Unit 204,Winter Park,4fba39fa-2913-4db8-8fb2-d233da2f6e66,,Don’t miss your chance to call this exceptional residence home!
SOFT,stale_claim,1254 Alstonia Ln,Mount Dora,413971d3-e664-442d-ab47-fa08256192c0,,Don’t miss your chance to live in one of Mount Dora’s premier new communities while taking advantage of this limited-time savings.
SOFT,stale_claim,1254 Alstonia Ln,Mount Dora,413971d3-e664-442d-ab47-fa08256192c0,,Schedule your private tour today and see why 1254 Alstonia Ln is the perfect place to call home.
SOFT,stale_claim,1257 Hendon Loop,Davenport,15e41c6f-f301-485e-9e73-73d8bcc11416,,Schedule your private tour today.
SOFT,stale_claim,126 E Concord St Unit A,Orlando,25f69510-8eb1-4737-a4cc-33790445043c,,Available Now
SOFT,stale_claim,126 E Concord St Unit A,Orlando,25f69510-8eb1-4737-a4cc-33790445043c,,Available Now!
SOFT,stale_claim,126 E Concord St Unit B,Orlando,f82f52f5-6c78-4d11-a52a-759b548c65d6,,Available Now!
SOFT,stale_claim,126 E Concord St Unit C,Orlando,6b16d099-8b03-4a9a-8d49-874a9f59d3ec,,Available Now!
SOFT,stale_claim,126 Water Street,Lake Helen,d763e13b-e3a2-47a6-8f6d-5521c98699b4,,Fully Renovated 1st Floor 2 Bedroom 2 Bath Apartment With Screened Porch Available IMMEDIATELY in Lake Helen!
SOFT,stale_claim,126 Water Street,Lake Helen,d763e13b-e3a2-47a6-8f6d-5521c98699b4,,Fully Renovated 1st Floor 2 Bedroom 2 Bath Apartment With Screened Porch Available IMMEDIATELY in Lake Helen!
SOFT,stale_claim,126 Water Street,Lake Helen,a48a3f98-de8e-483a-8c7d-b76bf40a61ae,,Call today to schedule your viewing!
SOFT,stale_claim,1280 Katrina Course,Palm Bay,0f1dbde0-203d-40da-92ed-4050a17e09e8,,Call NOW to ask about our 1 Month FREE Move-In Special!
SOFT,stale_claim,1280 Katrina Course,Palm Bay,0f1dbde0-203d-40da-92ed-4050a17e09e8,,Available NOW!
SOFT,stale_claim,12805 Avelar Manor Pl,Riverview,ee8f5d07-9c5d-47de-aa66-41905040b45a,,Don’t miss out on this move-in-ready home schedule your tour today!
SOFT,stale_claim,12837 Madison Pointe Circle #206,Orlando,3c8a4312-6db9-41ab-a960-fa3dbe86eddd,,AVAILABLE NOW!!!
SOFT,stale_claim,1284 Cloverlawn Ave,Orlando,ca4e93af-d98c-4642-aebc-0b107c55d6be,,Contact us today to schedule your private tour and claim this beautiful Orlando duplex as your new home!
SOFT,stale_claim,1288 Cloverlawn Ave,Orlando,45425942-a6a0-41d0-8e41-067321c208e2,,AVAILABLE NOW!!!!
SOFT,stale_claim,1310 Fairview Avenue,Winter Park,76fac962-2a84-4f36-9a36-60e0368eeb3f,,"Gorgeous, Fully Renovated 4 Bedroom Winter Park Home with 2 additional rooms that can be used as an office/playroom AVAILABLE NOW!!!"
SOFT,stale_claim,13168 Lexington Summit St,Orlando,a511cfbd-5e97-432c-b7a8-715800aeef57,,Don't miss your opportunity to call this beautiful townhome home.
SOFT,stale_claim,13168 Lexington Summit St,Orlando,a511cfbd-5e97-432c-b7a8-715800aeef57,,Apply today and get the process started!
SOFT,stale_claim,13168 Lexington Summit St,Orlando,a511cfbd-5e97-432c-b7a8-715800aeef57,,AVAILABLE Now!
SOFT,stale_claim,1321 Myrtle Dr,Longwood,fa619744-71d7-48d8-b768-6a44f8d01939,,Schedule your showing today!
SOFT,stale_claim,13244 Strode Ln,Windermere,1f9208a2-d387-4ec5-9ac2-97111ffb9073,,This beautifully updated home won't last long!
SOFT,stale_claim,1325 Rotonda Pt #137,Lake Mary,121e9959-8765-48f7-8ea2-a2ea18fe165d,,Beautiful First Floor 2 Bedroom 2 Bath Notting Hill Condo Available Immediately!!!
SOFT,stale_claim,1325 Rotonda Pt #137,Lake Mary,121e9959-8765-48f7-8ea2-a2ea18fe165d,,Don’t miss your chance to see this must-see property – schedule your tour today!
SOFT,stale_claim,1325 Rotonda Pt #137,Lake Mary,121e9959-8765-48f7-8ea2-a2ea18fe165d,,AVAILABLE Immediately!!!
SOFT,stale_claim,1333 Golf Point Loop,Apopka,e4b7663b-afef-4941-bbcd-d6ce6173d7da,,Don't miss the opportunity to make this house your home!
SOFT,stale_claim,13352 Willow Bluestar Loop,Riverview,9cd02b78-e813-4179-98bb-cfae6eb2a147,,AVAILABLE NOW!!
SOFT,stale_claim,13352 Willow Bluestar Loop,Riverview,9cd02b78-e813-4179-98bb-cfae6eb2a147,,AVAILABLE NOW!!!
SOFT,stale_claim,13616 SW 61st Circle,Ocala,b718e8c7-1ee1-4411-963c-8d263077c79c,,Don’t miss this opportunity to enjoy all that Ocala living has to offer!
SOFT,stale_claim,13616 SW 61st Circle,Ocala,b718e8c7-1ee1-4411-963c-8d263077c79c,,Manage by Atrium Management call today for tour!
SOFT,stale_claim,1387 Hampton Park Lane,Melbourne,c8161378-5553-4953-98ab-72456d0b7a48,,Don't miss out on this fantastic opportunity to make this house your new home!
SOFT,stale_claim,1387 Hampton Park Lane,Melbourne,c8161378-5553-4953-98ab-72456d0b7a48,,AVAILABLE NOW!!!
SOFT,stale_claim,13906 Title Way,Winter Garden,648c8328-13fd-471b-83ae-8b75dc4748d3,,Don't miss the opportunity to make this house your home.
SOFT,stale_claim,14 South Court,Indialantic Beach,27265edd-a220-4428-8417-2528f019bfac,,AVAILABLE NOW!!!
SOFT,stale_claim,1408 Patrick St,Kissimmee,dd197780-1318-4380-80be-2cc911dc212e,,AVAILABLE IMMEDIATELY – Don't miss out on this Kissimmee gem!
SOFT,stale_claim,1409 Embassy Dr,Clearwater,d6bed114-c0c6-499e-81a2-684cd82967d6,,Don’t miss out on this fantastic opportunity to make this lovely house your new home!
SOFT,stale_claim,1410 Patrick St,Kissimmee,0f65fe25-b36e-4cb1-9656-6c34cee20adc,,AVAILABLE IMMEDIATELY – Don't miss out on this Kissimmee gem!
SOFT,stale_claim,1420 MALIBU CIRCLE NE,Palm Bay,ecdd86f9-a61e-414c-8bf4-627152aad8e2,,AVAILABLE NOW!!!
SOFT,stale_claim,1427 Voltaire Street,Deltona,ed883201-83d8-4fff-8d13-2a291fcba178,,Don't miss out on the opportunity to make this house your home.
SOFT,stale_claim,1429 Farrindon Circle,Heathrow,b41d67cd-9ed8-409d-b0a1-9672e82e35f9,,AVAILABLE NOW!!!
SOFT,stale_claim,14346 Clarkson Dr,Orlando,d7ce1901-ae36-4c31-8ea9-6c9e434d9c22,,Don’t miss the opportunity to make it your new home!
SOFT,stale_claim,14346 Clarkson Dr,Orlando,d7ce1901-ae36-4c31-8ea9-6c9e434d9c22,,AVAILABLE NOW!!!
SOFT,stale_claim,1447 Swift Ct.,Poinciana,dbe78f89-cebf-4c01-8979-a676d4985ab1,,Beautiful BRAND-NEW 4 bedroom 2 bath home in Poinciana AVAILABLE IMMEDIATELY!
SOFT,stale_claim,1447 Swift Ct.,Poinciana,dbe78f89-cebf-4c01-8979-a676d4985ab1,,AVAILABLE IMMEDIATELY!!
SOFT,stale_claim,1500 Coronet Drive,Deltona,780906da-164a-4e2b-8457-bf9d6c97570c,,AVAILABLE NOW!!!
SOFT,stale_claim,151 E Washington St Unit 416,Orlando,67cb698a-a931-43a1-8ccf-423f55a08ceb,,Limited Time Offer: Get ONE MONTHFREE off your first month’s rent—Act Fast!
SOFT,stale_claim,1531 Elf Stone Dr,Casselberry,360a51e7-5106-4a7a-867e-80341d13e082,,Don’t miss the opportunity to make this stylish Casselberry retreat your own.
SOFT,stale_claim,155 Trevor Ct,Heathrow,b7963b4d-410a-4b1d-8d80-6df225a9d943,,AVAILABLE NOW!!!!
SOFT,stale_claim,1590 Shadowmoss Circle,Lake Mary,41704ae9-b2f9-4dd9-9650-9a394cd8538e,,Don’t miss this opportunity to live in one of Lake Mary’s most exclusive communities!
SOFT,stale_claim,1615 Cracker Creek Ct,Oviedo,59fc292f-6faf-4d29-bd55-3f6daeb99e94,,Available Now!
SOFT,stale_claim,1615 Cracker Creek Ct,Oviedo,59fc292f-6faf-4d29-bd55-3f6daeb99e94,,"This home won't last long, don't miss out on your opportunity to live in this fantastic townhome, professionally leased and managed by Atrium Management."
SOFT,stale_claim,1615 Cracker Creek Ct,Oviedo,59fc292f-6faf-4d29-bd55-3f6daeb99e94,,AVAILABLE NOW!!
SOFT,stale_claim,1619 Hanks Avenue,Orlando,c58e9141-1a44-4d3d-bf61-81a1d62f1fdd,,AVAILABLE NOW!!!
SOFT,stale_claim,16324 Winding Preserve Cir,Clermont,60bb876e-1e6c-4024-9cd1-8c3651a0c79a,,Apply today!
SOFT,stale_claim,1653 Cherry Ridge Dr,Lake Mary,7d02e2cd-c475-4da0-a0d7-0d7c47225479,,Schedule your showing today!
SOFT,stale_claim,1653 Cherry Ridge Dr,Lake Mary,7d02e2cd-c475-4da0-a0d7-0d7c47225479,,AVAILABLE NOW!
SOFT,stale_claim,1659 Grange Cir,Longwood,652450a9-dac9-4a8a-b7e4-8fc4ace2ac5e,,Don't miss out on the opportunity to make this house your home.
SOFT,stale_claim,167 Briarwood Drive,Debary,376fff56-2f31-44f5-a4ae-35d0b4c16584,,AVAILABLE NOW!!!
SOFT,stale_claim,1670 N HIGHWAY A1A,Indialantic,49a00e1f-b38c-4e5b-8b25-a6061f7795ac,,AVAILABLE NOW!!!
SOFT,stale_claim,1673 Cherry Ridge Drive,Lake Mary,eb13e1e9-75fd-493e-b909-fcc691a2b9cd,,AVAILABLE Now!!!
SOFT,stale_claim,1679 Shadowmoss Cir,Lake Mary,d94993d7-1363-4a07-8814-258f6fc9102d,,Don't miss the opportunity to own this beautifully updated and well-appointed home in a fantastic Lake Mary location!
SOFT,stale_claim,16950 Deer Oak Ln,Orlando,06396aaf-9ef1-47f1-b05d-f6fd831bf520,,AVAILABLE NOW!
SOFT,stale_claim,1707 Jindo Dr,Lake Alfred,6b38099d-8dec-40f6-95db-ce919ad9a80b,,Don't miss your chance to live in this wonderful Lake Alfred community.
SOFT,stale_claim,1707 Jindo Dr,Lake Alfred,6b38099d-8dec-40f6-95db-ce919ad9a80b,,Contact your Atrium leasing coordinator today to schedule a tour and discover all that 1707 Jindo Dr.
SOFT,stale_claim,1709 Pine Bay Dr,Lake Mary,3dd24ecf-4515-4259-9f4d-e8047bbc7766,,AVAILABLE NOW!!!
SOFT,stale_claim,1714 Morgans Mill Circle,Orlando,e7041842-1fd9-47d3-bdb2-fbd9bbaea586,,Don't miss out on the opportunity to make this charming house your new home in sunny Orlando.
SOFT,stale_claim,1714 Morgans Mill Circle,Orlando,e7041842-1fd9-47d3-bdb2-fbd9bbaea586,,Contact us today to schedule a tour!
SOFT,stale_claim,1714 Morgans Mill Circle,Orlando,e7041842-1fd9-47d3-bdb2-fbd9bbaea586,,AVAILABLE NOW!!!
SOFT,stale_claim,1720 Merrick Rd,Lakeland,912250ea-d31e-4525-8552-4cabb58a7034,,Don't miss out on the opportunity to make this house your new home!
SOFT,stale_claim,17345 White Mangrove Drive,Wimauma,b217d8f9-d974-4d27-881d-2d4bc8cb6913,,"17345 White Mangrove Drive | Wimauma, FL 33598 Don’t miss this opportunity to live in one of the most exciting communities in the area!"
SOFT,stale_claim,1746 Stafford Dr,Orlando,ec2cf846-f4ab-44e9-8fa9-731716baad60,,"Spacious 4-Bed, 3-Bath Belle Isle Home with Split Floor Plan & Expansive Backyard – Available Now!"
SOFT,stale_claim,1746 Stafford Dr,Orlando,ec2cf846-f4ab-44e9-8fa9-731716baad60,,Now Available – Don't miss your opportunity to enjoy spacious living in one of Orlando's most well-connected neighborhoods.
SOFT,stale_claim,1752 Buckeye Rd,Davenport,61c4bfe5-d3cb-4e64-b4a7-920530c528a8,,GORGEOUS 5 Bedroom 3 Bath Home in DESIRABLE Forest Lake Community AVAILABLE IMMEDIATELY!!
SOFT,stale_claim,17777 Crescent Moon Loop,Lakewood Ranch,9eaa2224-8827-439c-a501-e70f8c73c8f6,,Schedule a tour today!
SOFT,stale_claim,1780 Carley Court,Orlando,6795a614-7057-4828-ab86-4147947cba1c,,Don't miss your chance to call this urban oasis home!
SOFT,stale_claim,17973 Frame Bend,Land O Lakes,7cd662ae-2f7d-4e0d-bd24-5e621ac638af,,Don’t miss the opportunity to make this exquisite property yours—schedule a tour today and experience all that this exceptional home has to offer!
SOFT,stale_claim,17973 Frame Bend,Land O Lakes,7cd662ae-2f7d-4e0d-bd24-5e621ac638af,,AVAILABLE NOW!
SOFT,stale_claim,1810 NW 23rd BLVD #112,Gainesville,7ee5f3b8-2365-43ed-a7bd-ed8ddeb12421,,Beautiful 2 bedroom available NOW!
SOFT,stale_claim,1810 NW 23rd BLVD #112,Gainesville,7ee5f3b8-2365-43ed-a7bd-ed8ddeb12421,,Call today to schedule your tour and see the beautiful upgrades!
SOFT,stale_claim,188 Jones Fish Camp Rd,Edgewater,6cce0837-dc88-439e-8f10-c38d64d11dd0,,AVAILABLE NOW!!
SOFT,stale_claim,1890 Erudite Way,Winter Park,972a478d-5e76-4b44-abcf-deb070fb014f,,WELCOME HOME this GORGEOUS Springdale II floorplan at Grayson Square in Winter Park is available immediately for its first ever residents!
SOFT,stale_claim,1890 Valley Wood Way,Lake Mary,c2212fc6-0c9e-4917-9905-684b3619c247,,AVAILABLE NOW!!!
SOFT,stale_claim,1891 Valley Wood Way,Lake Mary,68118ef9-93e4-49d3-a118-42f3e8cf231c,,AVAILABLE NOW!!!
SOFT,stale_claim,1894 Crystal Grove Dr,Lakeland,52cd4f99-e89a-4c8b-8542-7e29c259015c,,Don't miss out on this fantastic opportunity to call this apartment your new home!
SOFT,stale_claim,1898 Crystal Grove Dr,Lakeland,3a6d3da5-e954-4cc6-b5ed-d86c57eb35d9,,Don't miss the opportunity to make this lovely house your new home sweet home.
SOFT,stale_claim,1899 Gatewood Dr,Deltona,14df9ed1-acc4-4aa8-971a-caabffcfdcab,,Don't miss out—schedule your showing today!
SOFT,stale_claim,1904 Crystal Grove Dr,Lakeland,de3ed070-1b28-46b7-b78f-89cb9ac3af5c,,Don't miss the opportunity to make this lovely house your new home sweet home!
SOFT,stale_claim,1906 Crystal Grove Dr,Lakeland,e55f0e30-c641-4868-8ab3-09e6cb7be8b0,,Don't miss the opportunity to make this your new home in beautiful Lakeland.
SOFT,stale_claim,1906 Crystal Grove Dr,Lakeland,e55f0e30-c641-4868-8ab3-09e6cb7be8b0,,Contact us today to schedule a tour and experience the comfort and convenience of Crystal Grove living!
SOFT,stale_claim,1914 Lanier Court,Winter Park,451fb714-6e5c-48b9-bb94-927276e23490,,Available Now!!!
SOFT,stale_claim,1914 Lanier Court,Winter Park,451fb714-6e5c-48b9-bb94-927276e23490,,AVAILABLE NOW FOR MOVE-IN!!!!!
SOFT,stale_claim,1917 Woodcrest Drive,Winter Park,f0cc589e-2e09-4820-924f-e41809784c3f,,Don't miss out on the chance to make this house your new home.
SOFT,stale_claim,1920 E Edgewood Dr Unit N7,Lakeland,cc207d15-2be7-4131-8f0d-7364f5811b5c,,Don’t miss your chance to make this inviting space your next home.
SOFT,stale_claim,1920 E Edgewood Dr Unit N7,Lakeland,cc207d15-2be7-4131-8f0d-7364f5811b5c,,Schedule your tour today before it’s gone!
SOFT,stale_claim,1921 Glen Mist Cv,Longwood,c2798ea8-54ba-4415-945b-4a986f2e795a,,AVAILABLE NOW!!!!!
SOFT,stale_claim,1921 Glen Mist Cv,Longwood,c2798ea8-54ba-4415-945b-4a986f2e795a,,"Don't miss out on this beautiful, move-in-ready home!"
SOFT,stale_claim,1935 Lynn River Drive,Deltona,e79f33b2-ecb9-4cfc-89c7-8e30a9ffc8a5,,ADORABLE 4 Bed 2 Bath Home For Rent in Deltona Available Now!
SOFT,stale_claim,1935 Lynn River Drive,Deltona,e79f33b2-ecb9-4cfc-89c7-8e30a9ffc8a5,,This delightful Deltona home is available now and ready for you!
SOFT,stale_claim,1947 Canny Cv,Winter Park,cddffcfc-2417-4bab-818a-f1cc3c4f7ac1,,BRAND NEW CONSTRUCTION 3 Bed 2.5 Bath at Grayson Square AVAILABLE IMMEDIATELY!!!
SOFT,stale_claim,1947 Canny Cv,Winter Park,cddffcfc-2417-4bab-818a-f1cc3c4f7ac1,,WELCOME HOME this GORGEOUS Springdale II floorplan at Grayson Square in Winter Park is available immediately for its first ever residents!
SOFT,stale_claim,19693 Shady Oaks Dr,Lutz,16321025-fd4f-47cc-97fd-274f8bfac166,,AVAILABLE NOW!
SOFT,stale_claim,1985 Saffron Court,Oviedo,d3e96030-2398-4434-89ac-8808a0dea9e2,,AVAILABLE NOW!!!
SOFT,stale_claim,200 St. Andrews Boulevard #2403,Winter Park,c53e05da-ab08-49ad-a3a5-9b6d5a081f93,,"Charming 2-Bed, 2-Bath Condo in Quaint Winter Park Community AVAILABLE NOW!!!"
SOFT,stale_claim,200 St. Andrews Boulevard #2403,Winter Park,c53e05da-ab08-49ad-a3a5-9b6d5a081f93,,Don’t miss the opportunity to make this delightful condo your new home!
SOFT,stale_claim,2019 Canopy Terrace Blvd,Deland,7961f478-1ab6-4dbb-a101-5a6bc3e7760d,,Don't miss out on this perfect opportunity to live in a BRAND NEW neighborhood.
SOFT,stale_claim,2019 Canopy Terrace Blvd,Deland,7961f478-1ab6-4dbb-a101-5a6bc3e7760d,,Schedule a tour today and make this your new home.
SOFT,stale_claim,204 Trieste Loop,Lake Mary,a86728a5-5dc8-4365-a06f-c7bdcaa10ee7,,GORGEOUS 3 bed 3.5 bath Lake Mary Condo in Fountain Parke Available NOW!!!
SOFT,stale_claim,204 Trieste Loop,Lake Mary,a86728a5-5dc8-4365-a06f-c7bdcaa10ee7,,AVAILABLE NOW!!!!
SOFT,stale_claim,2043 Meadow Pond Way,Orlando,4775a46e-9063-4971-89f5-721d4e439a18,,AVAILABLE NOW!
SOFT,stale_claim,2047 Dixie Belle Drive,Orlando,8747a5b8-ac56-4992-86e1-cf2744499d7b,,***APPLY TODAY!
SOFT,stale_claim,2047 Dixie Belle Drive,Orlando,8747a5b8-ac56-4992-86e1-cf2744499d7b,,AVAILABLE NOW!
SOFT,stale_claim,2051 Canopy Terrace Blvd,Deland,2169756e-5004-4ab7-91ab-9ea3b337216b,,Don't miss out on this perfect opportunity to live in a BRAND NEW neighborhood.
SOFT,stale_claim,2051 Canopy Terrace Blvd,Deland,2169756e-5004-4ab7-91ab-9ea3b337216b,,Schedule a tour today and make this your new home.
SOFT,stale_claim,2055 Canopy Terrace Blvd,Deland,ba40dc01-9e9a-46ff-b4a9-472800a46451,,Don't miss out on this perfect opportunity to live in a BRAND NEW neighborhood.
SOFT,stale_claim,2055 Canopy Terrace Blvd,Deland,ba40dc01-9e9a-46ff-b4a9-472800a46451,,Schedule a tour today and make this your new home.
SOFT,stale_claim,"206 E. South St, UNIT 5035",Orlando,62c86b98-ba4d-4be7-adcd-86783fa31f45,,AVAILABLE NOW!!!
SOFT,stale_claim,21 North Court,Indialantic,5cf88540-8b03-4892-b437-e79bfdb8dc20,,- SCHEDULE A SHOWING NOW!
SOFT,stale_claim,21 North Court,Indialantic,5cf88540-8b03-4892-b437-e79bfdb8dc20,,Home won't last long!
SOFT,stale_claim,2103 Havasu Falls Drive,Deland,ce051dcc-dd0c-47c4-828a-9191d46c2094,,AVAILABLE IMMEDIATELY!
SOFT,stale_claim,2103 Havasu Falls Drive,Deland,ce051dcc-dd0c-47c4-828a-9191d46c2094,,Don't miss out on this perfect opportunity to live in a brand-new neighborhood.
SOFT,stale_claim,2103 Havasu Falls Drive,Deland,ce051dcc-dd0c-47c4-828a-9191d46c2094,,Schedule a tour today and make this your new home.
SOFT,stale_claim,2103 Havasu Falls Drive,Deland,ce051dcc-dd0c-47c4-828a-9191d46c2094,,AVAILABLE IMMEDIATELY!
SOFT,stale_claim,2104 Canopy Terrace,Deland,3df08ef5-ac1e-465e-8467-88e5400a5aa6,,Don't miss out on this perfect opportunity to live in a BRAND NEW neighborhood.
SOFT,stale_claim,2104 Canopy Terrace,Deland,3df08ef5-ac1e-465e-8467-88e5400a5aa6,,Schedule a tour today and make this your new home.
SOFT,stale_claim,211 E Park St,Lakeland,c4f1e824-76da-4652-84ed-671aeee42bb7,,Don't miss the opportunity to make this well-maintained apartment your next home.
SOFT,stale_claim,211 E Park St,Lakeland,c4f1e824-76da-4652-84ed-671aeee42bb7,,Contact us today to schedule a showing!
SOFT,stale_claim,212 High Castle Lane,Longwood,7d529832-d234-48fa-b3f8-8e29f31ce867,,Don't miss the opportunity to make it yours!
SOFT,stale_claim,2120 Farrington Dr,Lakeland,cfe5d495-d9cc-4b69-a853-3a8b08e7e39a,,Don't miss out on the opportunity to make this beautiful house your new home.
SOFT,stale_claim,214 Hanging Moss Circle,Lake Mary,80061d5d-2741-4b4f-90e5-a9a25961a9d4,,AVAILABLE  NOW!!!
SOFT,stale_claim,214 Hunter St,Lakeland,5b452ba7-304b-4417-9ebb-bb70b7df39a9,,Don't miss out on the opportunity to make this lovely house your new home!
SOFT,stale_claim,2141 Canopy Terrace Blvd,Deland,ca112119-805c-4b45-b1b1-a9729e48bdc0,,Brand New Build 4 Bedroom 2 Bathroom Home in NEW Canopy Terrace Community AVAILABLE IMMEDIATELY!
SOFT,stale_claim,2141 Canopy Terrace Blvd,Deland,ca112119-805c-4b45-b1b1-a9729e48bdc0,,Don't miss out on this perfect opportunity to live in a BRAND NEW neighborhood.
SOFT,stale_claim,2141 Canopy Terrace Blvd,Deland,ca112119-805c-4b45-b1b1-a9729e48bdc0,,Schedule a tour today and make this your new home.
SOFT,stale_claim,217 Lewfield Circle,Winter Park,a066ab41-bb44-4df4-9ca3-6092d8d73006,,Apply TODAY and have your application fee waived for a move in date of FEBUARY 14th or SOONER!
SOFT,stale_claim,2177 Longwood Lake Mary Rd.,Longwood,e5c1ba68-fe7b-4955-ab05-c591eda18be1,,AVAILABLE NOW!!!!
SOFT,stale_claim,2197 Page Ave,Orlando,3639d75a-d491-421c-9923-4e3ee4a51267,,A rental in this prime 32806 location won't last long.
SOFT,stale_claim,2197 Page Ave,Orlando,3639d75a-d491-421c-9923-4e3ee4a51267,,Schedule Your Tour Today!
SOFT,stale_claim,2202 Curry Ford Rd,Orlando,c6da88c5-eb76-48e0-8860-78cd28633f02,,Ready to Schedule a Private Viewing?
SOFT,stale_claim,2202 Curry Ford Rd,Orlando,c6da88c5-eb76-48e0-8860-78cd28633f02,,Don't miss this rare opportunity to lease a truly private residence in a prime Orlando location.
SOFT,stale_claim,2202 Curry Ford Rd,Orlando,c6da88c5-eb76-48e0-8860-78cd28633f02,,Contact us today to arrange a tour of 2202 Curry Ford Rd and secure your new home.
SOFT,stale_claim,2205 Mystic Ring Loop,Kissimmee,16758398-c5e7-4b6b-a3f3-1122ed6a3db6,,Schedule your private tour today and discover the perfect blend of comfort and Mediterranean charm!
SOFT,stale_claim,2216 Elmsford Pt,Sanford,f7596329-b9ee-4636-9878-cc6ac67bf1f8,,BEAUTIFUL 3 Bed 2 Bath Riverbend Community Home AVAILABLE NOW!
SOFT,stale_claim,2221 Canopy Terrace Blvd,Deland,5efb70c2-8404-4ea7-9c7d-b4b936a3d651,,Don't miss out on this perfect opportunity to live in a BRAND NEW neighborhood.
SOFT,stale_claim,2221 Canopy Terrace Blvd,Deland,5efb70c2-8404-4ea7-9c7d-b4b936a3d651,,Schedule a tour today and make this your new home.
SOFT,stale_claim,2225 Canopy Terrace Blvd,Deland,f4cf1bb6-a9e2-4f53-94dc-fe41dea29b7b,,Don't miss out on this perfect opportunity to live in a BRAND NEW neighborhood.
SOFT,stale_claim,2225 Canopy Terrace Blvd,Deland,f4cf1bb6-a9e2-4f53-94dc-fe41dea29b7b,,Schedule a tour today and make this your new home.
SOFT,stale_claim,2234 Howard Dr,Winter Park,287750c5-0a13-4357-b82c-7ed2d296723a,,AVAILABLE NOW!!!
SOFT,stale_claim,2249 Golfview St,Lakeland,36876979-c8fc-417c-b2be-f09002d31d5d,,Don't miss out on this opportunity to make this house your new home!
SOFT,stale_claim,2252 Weber St,Lakeland,91a51e13-4781-4b49-ac2e-edf1ba8c2ab3,,Don’t miss this opportunity!
SOFT,stale_claim,2252 Weber St,Lakeland,91a51e13-4781-4b49-ac2e-edf1ba8c2ab3,,Contact us today to schedule your tour!
SOFT,stale_claim,2253 Golfview St,Lakeland,21a3240d-1b1b-4ef1-9990-4a791172d462,,Don't miss the opportunity to make this house your home sweet home.
SOFT,stale_claim,2253 Golfview St,Lakeland,21a3240d-1b1b-4ef1-9990-4a791172d462,,Contact us today to schedule a tour!
SOFT,stale_claim,2321 Formosa Avenue,Orlando,a14689e8-0d23-4210-8d19-5ef8094cbe77,,AVAILABLE NOW!
SOFT,stale_claim,234 Afton Square #303,Altamonte Springs,e999a471-4a32-424e-80c4-32f0801164da,,Nice 1 Bedroom 1 Bath Condo - 3rd Floor -  Available Immediately!!!
SOFT,stale_claim,234 Afton Square #303,Altamonte Springs,e999a471-4a32-424e-80c4-32f0801164da,,Don’t miss the chance to make this impeccable condo your new home.
SOFT,stale_claim,2400 Feather Sound Dr APT 827,Clearwater,c49cee38-01c3-4f0e-bdbb-32b92a9f655b,,Don’t miss this opportunity to live in a fully furnished home with a great view in a highly sought-after location.
SOFT,stale_claim,2400 Feather Sound Dr APT 827,Clearwater,c49cee38-01c3-4f0e-bdbb-32b92a9f655b,,Schedule your showing today!
SOFT,stale_claim,2404 Dickson Avenue,Orlando,5795ac46-c3e0-440d-9ed3-efb144cf12cf,,Don't miss out on this incredible opportunity to own a piece of SoDo paradise!
SOFT,stale_claim,2408 Rob Ln,Orlando,0e5f2833-78f8-4471-8753-04856422b658,,This property is professionally leased and managed by Atrium Management Call for your private showing today!
SOFT,stale_claim,2408 Rob Ln,Orlando,0e5f2833-78f8-4471-8753-04856422b658,,AVAILABLE NOW!!!
SOFT,stale_claim,241 Porchester Dr,Sanford,875dc4e2-bea4-498f-85fa-8e1e162e29a2,,Don't miss out on the opportunity to make this house your home.
SOFT,stale_claim,241 Porchester Dr,Sanford,875dc4e2-bea4-498f-85fa-8e1e162e29a2,,AVAILABLE IMMEDIATELY!
SOFT,stale_claim,2413 Waxwing Way,Sanford,a139d4e1-09ab-4b2f-b3f5-7f32cca59f23,,"Beautiful 3 Bed 2.5 Bath w/Loft Home AVAILABLE IMMEDIATELY in Desirable Gated Community, Sandford, FL!"
SOFT,stale_claim,2413 Waxwing Way,Sanford,a139d4e1-09ab-4b2f-b3f5-7f32cca59f23,,"Available IMMEDIATELY ,  this 3 beds 2.5 bath home also features a large loft on the second floor along with all three bedrooms and 2 full bathrooms."
SOFT,stale_claim,2413 Waxwing Way,Sanford,a139d4e1-09ab-4b2f-b3f5-7f32cca59f23,,AVAILABLE IMMEDIATELY !!!
SOFT,stale_claim,2437 E. Jefferson Street,Orlando,4a83bfc3-89cb-4e08-8684-e586b41b2c10,,AVAILABLE NOW!
SOFT,stale_claim,25 Country Club Dr,Largo,b3b16f1a-ce05-411f-8cf9-369220836f2c,,"Don't miss out on this fantastic opportunity to rent a 2 bedroom, 2 bathroom apartment at 25 Country Club Dr in Largo, Florida."
SOFT,stale_claim,25 Country Club Dr,Largo,b3b16f1a-ce05-411f-8cf9-369220836f2c,,Contact us today to schedule a viewing and make this your new home!
SOFT,stale_claim,2502 Kilgore Street,Orlando,0de505af-cb20-47c2-8786-a7d31cca0774,,AVAILABLE NOW!!!
SOFT,stale_claim,2504 Carmel Ln,Eustis,8695894c-958a-4c7c-a00c-f8a95a786ff2,,"Fantastic 3 bedroom 2 bath home, great neighborhood, available NOW!!!"
SOFT,stale_claim,2504 Carmel Ln,Eustis,8695894c-958a-4c7c-a00c-f8a95a786ff2,,AVAILABLE NOW!!!
SOFT,stale_claim,2504 Grassy Pt. Dr. #214,Lake Mary,c5b0ba00-1c10-4d70-8ff3-f0968fc902d6,,Sharp 2BR/2BA Corner Condo with Water Views & In-Unit W/D $500 off First Month Rent **Available Now**
SOFT,stale_claim,2505 E. Central Blvd.,Orlando,96d941d9-ea5d-4123-9702-ecd6f7606d71,,AVAILABLE NOW!!!!
SOFT,stale_claim,2510 Lauder Dr,Maitland,c6763025-b577-4b80-87af-63ba23f5c3cd,,Don’t miss the incredible opportunity to put down roots in Dommerich.
SOFT,stale_claim,2510 Lauder Dr,Maitland,c6763025-b577-4b80-87af-63ba23f5c3cd,,AVAILABLE NOW!!
SOFT,stale_claim,2513 Grassy Point Dr,Lake Mary,f50753bb-fe3d-48ea-92c6-4edeb2ceee1c,,AVAILABLE NOW!!
SOFT,stale_claim,2521 Grassy Point #113,Lake Mary,99d77469-2e36-4f95-b237-804adf1d6832,,AVAILABLE NOW!
SOFT,stale_claim,2521 Grassy Point #113,Lake Mary,99d77469-2e36-4f95-b237-804adf1d6832,,AVAILABLE NOW!!!
SOFT,stale_claim,2549 Grassy Point Drive #107,Lake Mary,b807da80-b446-46a5-add2-fd88d0de6bbe,,AVAILABLE NOW!!!!!
SOFT,stale_claim,2549 Grassy Point Drive #107,Lake Mary,b807da80-b446-46a5-add2-fd88d0de6bbe,,AVAILABLE NOW!!!
SOFT,stale_claim,2553 Grassy Pt. Dr #203,Lake Mary,336e38f2-83bb-4b03-bf85-38f2bd99d082,,AVAILABLE NOW!!!
SOFT,stale_claim,"2561 Grassy Point Dr, #303",Lake Mary,001e209a-10f2-4632-bc67-6316fe341a4b,,Top-Floor 1 Bedroom Condo in Regency Park – Lake Mary AVAILABLE NOW
SOFT,stale_claim,2584 Park Ridge St,Apopka,ede519f8-ca90-4bba-af94-71ff9d100496,,Call now to schedule your viewing!
SOFT,stale_claim,2584 Park Ridge St,Apopka,ede519f8-ca90-4bba-af94-71ff9d100496,,Contact us today to schedule a viewing and experience the luxury and comfort this property has to offer.
SOFT,stale_claim,259 High Castle Lane,Longwood,f265a7ef-5d4a-4ff9-b891-872687914c24,,AVAILABLE NOW!!!
SOFT,stale_claim,2591 Long Pine Ave,Apopka,d7cb0a6b-c611-42a9-b4a1-ad8be5dc1714,,Schedule your tour today!
SOFT,stale_claim,2591 Long Pine Ave,Apopka,d7cb0a6b-c611-42a9-b4a1-ad8be5dc1714,,Don’t miss the opportunity to be the first to live in this beautiful new home.This home is professionally leased and managed by Atrium Management.
SOFT,stale_claim,2607 Emerald Lake Ct,Kissimmee,ec2bd829-ae0a-42c0-8b54-c6865428f9d7,,Schedule Your Showing Today!
SOFT,stale_claim,2607 Emerald Lake Ct,Kissimmee,ec2bd829-ae0a-42c0-8b54-c6865428f9d7,,Contact us today to schedule a private walkthrough and submit your application!
SOFT,stale_claim,2609 Emerald Lake Ct,Kissimmee,edc9ebb4-fde5-4e0c-8be6-49dd368751ab,,"Don't miss your chance to secure this low-maintenance, high-value home!"
SOFT,stale_claim,2609 Emerald Lake Ct,Kissimmee,edc9ebb4-fde5-4e0c-8be6-49dd368751ab,,Schedule your private viewing today—this turnkey gem won't last long!
SOFT,stale_claim,2609 Emerald Lake Ct,Kissimmee,edc9ebb4-fde5-4e0c-8be6-49dd368751ab,,AVAILABLE NOW!
SOFT,stale_claim,2614 S. Brown Avenue,Orlando,364d8330-c7af-4373-ab36-72d591a924d5,,AVAILABLE NOW — don’t miss this opportunity to live in one of Orlando’s hottest neighborhoods!
SOFT,stale_claim,262 Abbott Avenue,Lake Mary,b50f8def-45d8-48a0-b4e0-2a6910f019e9,,Don’t miss the chance to make it yours!
SOFT,stale_claim,262 Abbott Avenue,Lake Mary,b50f8def-45d8-48a0-b4e0-2a6910f019e9,,AVAILABLE NOW!!!
SOFT,stale_claim,2623 Emerald Lake Ct,Kissimmee,f236093e-f304-42b3-a8f7-55eaab41b8df,,"Don't miss your chance to secure this low-maintenance, high-value home!"
SOFT,stale_claim,2623 Emerald Lake Ct,Kissimmee,f236093e-f304-42b3-a8f7-55eaab41b8df,,Schedule your private viewing today—this turnkey gem won't last long!
SOFT,stale_claim,2629 Cahill Way,Lake Mary,8e70df19-30e0-418c-9bb9-559a2448a329,,Don’t miss the chance to make this stunning home your own.
SOFT,stale_claim,2641 Emerald Island Blvd,Kissimmee,63778008-b66b-4700-a25a-8f3a8e944590,,AVAILABLE NOW!
SOFT,stale_claim,2641 Emerald Island Blvd,Kissimmee,63778008-b66b-4700-a25a-8f3a8e944590,,Available NOW!
SOFT,stale_claim,2649 River Landing Drive,Sanford,b8ace60f-6d05-4670-ac13-dac8c5daf1f7,,AVAILABLE NOW!!!
SOFT,stale_claim,2665 E Juliet Dr,Deltona,910655a9-9c5c-4fe7-8e1b-9bf8cf442c3a,,Don't miss the opportunity to make it yours!
SOFT,stale_claim,2669 Emerald Lake Ct,Kissimmee,9f20c37a-ed55-4609-9135-83c0137581fb,,Unbeatable 3 Bed / 3 Bath Luxury in Prime Kissimmee (34744) – Available Immediately!
SOFT,stale_claim,2669 Emerald Lake Ct,Kissimmee,9f20c37a-ed55-4609-9135-83c0137581fb,,Don't miss this rare opportunity!
SOFT,stale_claim,2669 Emerald Lake Ct,Kissimmee,9f20c37a-ed55-4609-9135-83c0137581fb,,Skip the delays—this unit is AVAILABLE IMMEDIATELY!
SOFT,stale_claim,2673 Emerald Lake Ct,Kissimmee,82f32d76-8a49-40ba-ab43-91060a9926cb,,"Don't miss your chance to secure this low-maintenance, high-value home!"
SOFT,stale_claim,2673 Emerald Lake Ct,Kissimmee,82f32d76-8a49-40ba-ab43-91060a9926cb,,Schedule your private viewing today—this turnkey gem won't last long!
SOFT,stale_claim,2681 Emerald Lake Ct,Kissimmee,471b12b8-2fb5-4edb-bbc6-da47f2c44177,,"Don't miss your chance to secure this low-maintenance, high-value home!"
SOFT,stale_claim,2681 Emerald Lake Ct,Kissimmee,471b12b8-2fb5-4edb-bbc6-da47f2c44177,,Schedule your private viewing today—this turnkey gem won't last long!
SOFT,stale_claim,2681 Emerald Lake Ct,Kissimmee,471b12b8-2fb5-4edb-bbc6-da47f2c44177,,AVAILABLE NOW!
SOFT,stale_claim,269 San Paulo Ct,West Melbourne,a1d039b5-79bf-4996-a821-a729bcd11887,,AVAILABLE NOW!!!
SOFT,stale_claim,2700 S Brown Ave,Orlando,e3561e65-6def-49f9-9858-eba481d09ef9,,"Don’t miss the opportunity to live in one of Orlando’s most sought-after neighborhoods—close to shopping, dining, and everything the city has to offer!"
SOFT,stale_claim,2711 Rowan St,Tavares,d077201f-b273-4ee4-be11-05881b326e56,,"Avalon Park Community 3 Bed 2 Bathroom Home, AVAILABLE IMMEDIATELY!!!!"
SOFT,stale_claim,2711 Rowan St,Tavares,d077201f-b273-4ee4-be11-05881b326e56,,AVAILABLE NOW!
SOFT,stale_claim,2717 Maitland Crossing Way Unit 205,Orlando,a1a8a124-e185-487f-a838-347f8ebde237,,Apply Today!
SOFT,stale_claim,2717 Maitland Crossing Way Unit 205,Orlando,a1a8a124-e185-487f-a838-347f8ebde237,,AVAILABLE NOW!
SOFT,stale_claim,2717 Maitland Crossing Way Unit 205,Orlando,a1a8a124-e185-487f-a838-347f8ebde237,,Don’t miss your chance to make this gem your new home!
SOFT,stale_claim,27502 Discover Ct,Leesburg,67c5842f-829c-4843-97b5-7a0f79ffa94e,,AVAILABLE NOW!!!!
SOFT,stale_claim,277 Lakebreeze Cir,Lake Mary,aee6de06-0ee9-481b-8ba0-a9f014a47d1c,,AVAILABLE NOW!!!
SOFT,stale_claim,2787 Red Egret Dr,Bartow,fa69b760-39a4-4584-8d4c-00585a9fa94a,,Don’t miss your chance to live in a home that has it all.
SOFT,stale_claim,2787 Red Egret Dr,Bartow,fa69b760-39a4-4584-8d4c-00585a9fa94a,,schedule your tour today before it’s gone!
SOFT,stale_claim,2835 Sutton Rd,Lakeland,849e7a94-9042-44bf-a658-5a02a7d1a8ca,,Don't miss out on this fantastic rental opportunity!
SOFT,stale_claim,2835 Sutton Rd,Lakeland,849e7a94-9042-44bf-a658-5a02a7d1a8ca,,Schedule a tour today and experience the warmth and charm of 2835 Sutton Road for yourself.
SOFT,stale_claim,2837 Candela Ct,Apopka,253ba132-a45c-4ec1-a9fb-e4b393089725,,Beautiful 2 bedroom 3 bathroom home Available Now in Apopka!
SOFT,stale_claim,2837 Candela Ct,Apopka,253ba132-a45c-4ec1-a9fb-e4b393089725,,Beautiful 2 bedroom 3 bathroom home Available Now!
SOFT,stale_claim,2837 Candela Ct,Apopka,253ba132-a45c-4ec1-a9fb-e4b393089725,,"Don't miss the opportunity to call this townhome your own and experience the perfect blend of comfort, style, and convenience in the heart of Apopka."
SOFT,stale_claim,2837 Candela Ct,Apopka,253ba132-a45c-4ec1-a9fb-e4b393089725,,Call now to schedule your viewing!
SOFT,stale_claim,2837 Candela Ct,Apopka,253ba132-a45c-4ec1-a9fb-e4b393089725,,Contact us today to schedule a viewing and experience the luxury and comfort this property has to offer.
SOFT,stale_claim,2904 Sabal Palm Drive,Edgewater,dfbb75fa-a50d-4fc5-ad69-5f005d58df20,,3 Bedroom 2 Bath Edgewater Pool Home Available Now
SOFT,stale_claim,2904 Sabal Palm Drive,Edgewater,dfbb75fa-a50d-4fc5-ad69-5f005d58df20,,"This home is professionally leased and managed by Atrium Management Company, Pets are negotiable with owner approval, and property is available now."
SOFT,stale_claim,3005 E Jefferson Street,Orlando,53bf8f98-bb91-4d82-b57f-b5bae679afc9,,Don’t miss out on this exceptional opportunity to live in a spacious duplex in one of Orlando’s most dynamic and convenient areas.
SOFT,stale_claim,3005 E Jefferson Street,Orlando,53bf8f98-bb91-4d82-b57f-b5bae679afc9,,Schedule a viewing today and experience the best of the Milk District living!
SOFT,stale_claim,3020 Buckhanon Trail,Deland,621142d2-4601-411e-a954-4e8ea12bfeae,,AVAILABLE NOW!!!
SOFT,stale_claim,3028 Parkway Blvd APT 108,Kissimmee,69a1a2ea-2de0-4d08-98e0-b5b91fd43212,,No Pets allowed.AVAILABLE NOW!!!
SOFT,stale_claim,3037 Bonkirk Dr,Deltona,16015d1b-2d9b-4063-b294-d92d80129584,,AVAILABLE Now!
SOFT,stale_claim,3042 Green Park Dr,Deland,4a56f22c-a815-4a8b-af0e-955112f17cff,,Don't miss out on this perfect opportunity to live in a BRAND NEW neighborhood.
SOFT,stale_claim,3042 Green Park Dr,Deland,4a56f22c-a815-4a8b-af0e-955112f17cff,,Schedule a tour today and make this your new home.
SOFT,stale_claim,3062 Green Park Dr,Deland,8ea34d13-3ffa-48bc-a75d-7c0b900c2338,,Don't miss out on this perfect opportunity to live in a BRAND NEW neighborhood.
SOFT,stale_claim,3062 Green Park Dr,Deland,8ea34d13-3ffa-48bc-a75d-7c0b900c2338,,Schedule a tour today and make this your new home.
SOFT,stale_claim,3064 Irish Peach Dr,Winter Garden,efeec7b9-f9be-4a25-ab99-6144c2cb75b6,,"Approved applicants enjoy $1,000 off of One Month's Rent Apply now and move in by 11/15/25 to take advantage of this special!"
SOFT,stale_claim,3064 Irish Peach Dr,Winter Garden,efeec7b9-f9be-4a25-ab99-6144c2cb75b6,,Don’t miss your chance to make this stunning home in one of Winter Garden’s most sought-after communities your next residence!
SOFT,stale_claim,3070 Purple Martin Lane,Indialantic,7881eab3-6435-4545-b64b-22c34c6449b1,,Don't miss out on the opportunity to call this beautiful house your home.
SOFT,stale_claim,3070 Purple Martin Lane,Indialantic,7881eab3-6435-4545-b64b-22c34c6449b1,,Schedule a viewing today and experience the comfort and convenience this property has to offer.
SOFT,stale_claim,3074 Green Park Dr,Deland,fc6de74b-850c-4dea-b855-a679b19a6754,,AVAILABLE NOW!
SOFT,stale_claim,3074 Plaza Terrace #3074,Orlando,4f649676-9da1-4fe5-8832-0f4a86fe3ccf,,2 Bedroom 1.5 Bath Urban Retreat Near the Heart of Downtown Orlando AVAILABLE NOW!!!!!
SOFT,stale_claim,3074 Plaza Terrace #3074,Orlando,4f649676-9da1-4fe5-8832-0f4a86fe3ccf,,Don't miss out on the chance to call this centrally located condo your new home!
SOFT,stale_claim,3074 Plaza Terrace #3074,Orlando,4f649676-9da1-4fe5-8832-0f4a86fe3ccf,,AVAILABLE NOW!!!
SOFT,stale_claim,309 Vizcay Way,Davenport,c78d4f21-2f4b-4df6-a621-e4ee487b883a,,Schedule your private showing today!
SOFT,stale_claim,311 S Palmetto Ave,Daytona Beach,1cd793ce-9fb6-4b31-af17-903704e74e55,,Don't miss the opportunity to make this beautiful apartment your new home!
SOFT,stale_claim,3170 Roland Dr,Deltona,8417ff70-9040-423c-ad11-fa0f008d7aa2,,Don’t miss out on this move-in-ready gem!
SOFT,stale_claim,3170 Roland Dr,Deltona,8417ff70-9040-423c-ad11-fa0f008d7aa2,,Don't miss out on this incredible opportunity to make this house your forever home.
SOFT,stale_claim,3175 Victoria Dr,Kissimmee,9363723d-2c5b-4ab7-a661-df0de74582e4,,4- bedroom 3- bathroom AVAILABLE NOW!!!
SOFT,stale_claim,3175 Victoria Dr,Kissimmee,9363723d-2c5b-4ab7-a661-df0de74582e4,,Don't miss this wonderful opportunity to own a piece of Florida living and create the lifestyle you've always imagined!
SOFT,stale_claim,319 Golf Blvd,Daytona Beach,e442d1e9-da4b-4e3f-a946-6e05ba470eeb,,AVAILABLE NOW!
SOFT,stale_claim,3204 Herons Point Cir,Kissimmee,e4acece1-cdc6-4c6f-a8ac-6bb6e0df7bec,,Don't wait—homes this close to the action don't last!
SOFT,stale_claim,3204 Herons Point Cir,Kissimmee,e4acece1-cdc6-4c6f-a8ac-6bb6e0df7bec,,Schedule your showing today!
SOFT,stale_claim,3204 Herons Point Cir,Kissimmee,e4acece1-cdc6-4c6f-a8ac-6bb6e0df7bec,,This end-unit gem is a must-see and won’t last long!
SOFT,stale_claim,3309 Messina Drive,Lake Mary,3c4570f3-4927-4ca8-a772-2165a8ccbc1c,,GORGEOUS 3 bed 3.5 bath Lake Mary Condo in Fountain Parke Available NOW!!!
SOFT,stale_claim,3309 Messina Drive,Lake Mary,3c4570f3-4927-4ca8-a772-2165a8ccbc1c,,AVAILABLE NOW!!!!
SOFT,stale_claim,332 Wheelhouse Ln,Lake Mary,b1863573-859d-465d-b21b-773fdacbd261,,Don't miss your chance to live in one of Lake Mary's most sought-after neighborhoods.
SOFT,stale_claim,334 Sparrow Wood Ct,Lake Mary,9e7b1d45-4236-4f14-9ef5-fe2ba1e25eb7,,"This home won't last long, don't miss out on your opportunity to live in this fantastic home, professionally leased and managed by Atrium Management."
SOFT,stale_claim,334 Sparrow Wood Ct,Lake Mary,9e7b1d45-4236-4f14-9ef5-fe2ba1e25eb7,,AVAILABLE NOW!!
SOFT,stale_claim,337 Grove Avenue,Winter Park,90fffd97-5ed4-41fa-85b7-d3409812bdfd,,3 Bedroom 2 Bath Winter Park Home Available Now!!!
SOFT,stale_claim,3372 River View Way,Winter Park,e63d4bbc-21bd-4da9-9fb2-ee715eb1f15c,,AVAILABLE NOW
SOFT,stale_claim,3422 Orange Rose Loop,Apopka,6e7fcfd4-749d-48cc-a72f-85f4a493b8df,,Don't miss the opportunity to live in one of Apopka's newest and most convenient communities!
SOFT,stale_claim,3422 Orange Rose Loop,Apopka,6e7fcfd4-749d-48cc-a72f-85f4a493b8df,,AVAILABLE NOW!!
SOFT,stale_claim,345 Lakepointe Dr Unit 104,Altamonte Springs,01044351-7493-4486-9de2-de94c3ce681b,,Don't miss out—schedule a tour today and experience this fantastic home for yourself!
SOFT,stale_claim,345 Placid Lake Dr.,Sanford,ebc26484-f807-4ecc-aed4-0a469128ac2a,,AVAILABLE NOW!!!
SOFT,stale_claim,3451 Hunt Ln,Oviedo,83a7faf4-bd95-4c35-aff4-26e54f83ca70,,Don’t miss out on this fantastic opportunity to live in one of Oviedo’s most sought-after areas!
SOFT,stale_claim,3482 Wilshire Way Rd #201,Orlando,25dd325f-7a75-4ed1-a485-db4baa32360f,,AVAILABLE NOW!!!
SOFT,stale_claim,349 Grove Avenue,Winter Park,046ec668-5f86-4b95-a265-b0384e951157,,DON'T MISS OUT on this opportunity to make this house your new home!
SOFT,stale_claim,3525 Meadow Breeze Loop,Ocoee,de9b7e36-a309-40ae-bfd0-66d14282d938,,Don't miss out on this spacious home which is ongoing REMODELING!
SOFT,stale_claim,3525 Meadow Breeze Loop,Ocoee,de9b7e36-a309-40ae-bfd0-66d14282d938,,Schedule your showing today!
SOFT,stale_claim,35281 Cassis Path,Zephyrhills,86c244d9-3e71-4a32-b3ce-4fe4f89bda8e,,Beautiful 6 bedroom home available now!
SOFT,stale_claim,35281 Cassis Path,Zephyrhills,86c244d9-3e71-4a32-b3ce-4fe4f89bda8e,,Available now!
SOFT,stale_claim,35281 Cassis Path,Zephyrhills,86c244d9-3e71-4a32-b3ce-4fe4f89bda8e,,Available now!
SOFT,stale_claim,3542 Treetop St,Deland,6c5f162e-e82d-41ed-b294-34fb62b0a542,,Don't miss out on this perfect opportunity to live in a BRAND NEW neighborhood.
SOFT,stale_claim,3542 Treetop St,Deland,6c5f162e-e82d-41ed-b294-34fb62b0a542,,Schedule a tour today and make this your new home.
SOFT,stale_claim,357 Cedarcrest Court,Lake Mary,85df2dd8-a411-47fd-8ab7-0922a99c2388,,Don't miss out on the opportunity to make this house your dream home.
SOFT,stale_claim,357 Cedarcrest Court,Lake Mary,85df2dd8-a411-47fd-8ab7-0922a99c2388,,Contact us today to schedule a private showing and experience the epitome of Florida living.
SOFT,stale_claim,3651 N. Goldenrod Road #C206,Winter Park,5d932bec-8091-42b9-9f9c-f0398e6f3e8e,,AVAILABLE NOW!
SOFT,stale_claim,3703 E North Bay St,Tampa,173627eb-c2ec-42d7-8192-7431c661f03b,,Don’t miss out on this move-in-ready gem—schedule your tour today!
SOFT,stale_claim,371 Placid Lake Drive,Sanford,28870318-7b0a-4e7e-998c-a249da481b42,,3BR/2BA Home in Sanford – **Available Now**
SOFT,stale_claim,371 Placid Lake Drive,Sanford,28870318-7b0a-4e7e-998c-a249da481b42,,Don’t miss your chance to live in one of Sanford’s most accessible and welcoming communities!
SOFT,stale_claim,371 Placid Lake Drive,Sanford,28870318-7b0a-4e7e-998c-a249da481b42,,AVAILABLE NOW!!!!!!!
SOFT,stale_claim,3728 County Line Rd,Lakeland,699a70e8-4347-43ba-baba-5c5e0b5d6de8,,Schedule your tour today this one won’t last long!
SOFT,stale_claim,3732 County Line Rd,Lakeland,068d0d26-4cf1-4411-8aae-c89131329e29,,Don't miss out on the opportunity to make this lovely house your new home.
SOFT,stale_claim,3732 County Line Rd,Lakeland,068d0d26-4cf1-4411-8aae-c89131329e29,,Contact us today for more information and to schedule a viewing.
SOFT,stale_claim,3806 -3808 W El Prado Blvd,Tampa,93c8fe8f-0939-414e-afde-3ecc9fe134d6,,Schedule your tour today—this charming apartment won't last long!
SOFT,stale_claim,3806 -3808 W El Prado Blvd,Tampa,00c2e4d0-c82e-4f23-b259-be6778ebfdf7,,Schedule a tour today!
SOFT,stale_claim,3806 -3808 W El Prado Blvd,Tampa,00c2e4d0-c82e-4f23-b259-be6778ebfdf7,,Contact us now to secure your spot in one of South Tampa’s most iconic neighborhoods.
SOFT,stale_claim,3810 Deeson Rd Unit 1,Lakeland,d3ad9a31-a852-41df-a594-b5b84cb2bb07,,Don't miss out on the opportunity to make this lovely duplex your new home.
SOFT,stale_claim,3810 Deeson Rd Unit 1,Lakeland,d3ad9a31-a852-41df-a594-b5b84cb2bb07,,Contact us today for more information and to schedule a tour.
SOFT,stale_claim,3810 Deeson Rd Unit 2,Lakeland,f4c6829e-4931-49b3-ba5d-579ab1740bf0,,Don't miss out on the opportunity to make this lovely duplex your new home.
SOFT,stale_claim,3810 Deeson Rd Unit 2,Lakeland,f4c6829e-4931-49b3-ba5d-579ab1740bf0,,Contact us today for more information and to schedule a tour.
SOFT,stale_claim,3819 Fenster Ln,The Villages,526ed343-ffca-4fd7-b86e-1b53a7e6dc5e,,Hurry and schedule a tour today and make this your new home sweet home!
SOFT,stale_claim,3906 Angola Ln,Sanford,a1bde8d3-5394-4e58-a1ba-1d4d1727c0f2,,Don’t miss your chance to experience all that this home has to offer—schedule your private tour today and envision the possibilities!
SOFT,stale_claim,3967 Oakington Pl,Longwood,360bdcac-32ad-426c-a998-b47f51a39ffc,,Don't miss out on this incredible opportunity to make this house your forever home.
SOFT,stale_claim,4001 Rosepointe Ct,Tampa,9030307b-1fbf-4944-a6c9-840ac2237293,,Don’t miss the opportunity to call this beautifully renovated Tampa home yours.
SOFT,stale_claim,4001 Rosepointe Ct,Tampa,9030307b-1fbf-4944-a6c9-840ac2237293,,Schedule your private tour today and be among the first to experience this updated residence!
SOFT,stale_claim,4006 Wilkes Dr,Melbourne,ba060832-2252-4478-bc6d-6b60051f2512,,AVAILABLE NOW!!!
SOFT,stale_claim,4010 San Gallo Dr,Kissimmee,6799fc69-f989-4da6-afd9-2f13faeee1f6,,Don’t miss this opportunity to live in one of Kissimmee’s most vibrant communities — schedule your private tour today!
SOFT,stale_claim,4036 Messina Drive,Lake Mary,aeab35c7-985a-4072-9876-8bf6b7088845,,AVAILABLE NOW!!
SOFT,stale_claim,404 Wilton Cir,Sanford,ac939ae8-d3f8-4a99-90d5-a863ac9aa2fa,,Schedule a showing today and experience the best of Sanford living!
SOFT,stale_claim,4046 Tour Trace,Land O Lakes,478ba6cc-ea82-43c5-8613-c7c553ff10d1,,Don't miss out on the opportunity to make this house your home.
SOFT,stale_claim,4046 Tour Trace,Land O Lakes,478ba6cc-ea82-43c5-8613-c7c553ff10d1,,Contact us today to schedule a tour and see all that this remarkable property has to offer.
SOFT,stale_claim,405 NE Avenue M,Winter Haven,9b35b12a-fe80-4c76-8425-6962eb48e1e2,,"This beautiful duplex combines comfort, style, and convenience — don’t miss your chance to make it your new home!"
SOFT,stale_claim,407 S Hawthorn Cir,Winter Springs,8a3bc192-7175-4f98-9c36-404c2d03059c,,AVAILABLE NOW!!!
SOFT,stale_claim,408 Kays Landing Dr,Sanford,0fcd4ae5-b5fb-4714-844b-ada33cb060f8,,AVAILABLE NOW!!!
SOFT,stale_claim,413 S. Netherwood Crescent,Altamonte Springs,d20b4136-db14-424b-8183-c00f33c4542e,,Please call to schedule private showing today!
SOFT,stale_claim,418 Brentwood Club Cove,Longwood,1be6370f-330f-4b46-953b-3937bdc9ee22,,AVAILABLE Now!!
SOFT,stale_claim,422 Springview Dr,Sanford,ce982903-c08a-4975-9161-cd032f05ca3b,,Charming and Spacious 3 Bedroom 2 Bath Home w/HUGE FENCED BACKYARD & 2 Car Garage in Sanford AVAILABLE IMMEDIATELY
SOFT,stale_claim,422 Springview Dr,Sanford,ce982903-c08a-4975-9161-cd032f05ca3b,,"This property is professionally leased and managed by Atrium Management Company, don't miss out on the opportunity to make this house your home."
SOFT,stale_claim,426 Davis Drive,Orlando,957525c0-ad3b-45f5-a5e8-1df2adff9cbb,,Please call today for viewing!
SOFT,stale_claim,435 W Alamo Dr,Lakeland,4793ab6d-a7c4-40bd-b6c7-2f3d4a4f477f,,Don't miss out on this opportunity to make this house your new home!
SOFT,stale_claim,4351 Melbrooke Ct,Lakeland,d4168afe-d0dc-4d79-9590-2cb9c9fc6c75,,Don't miss out on the opportunity to make this charming house your new home.
SOFT,stale_claim,4351 Paraglider Place,Wesley Chapel,08bec036-17ee-45e9-9e3a-a6b90bd2f5f3,,"Don't miss out on this incredible opportunity, schedule a viewing today!"
SOFT,stale_claim,4355 Paraglider Place,Wesley Chapel,323b1e97-c296-4de6-bf7b-90be08845c5e,,Don't miss out on the opportunity to make this house your home.
SOFT,stale_claim,4355 Paraglider Place,Wesley Chapel,323b1e97-c296-4de6-bf7b-90be08845c5e,,Schedule a tour today and experience the comfort and convenience this Wesley Chapel gem has to offer.
SOFT,stale_claim,438 Quercus Rd,Auburndale,f2eebfec-5cee-43a5-9a8f-ec39b13f370d,,Don't miss out on the opportunity to make this house your new home.
SOFT,stale_claim,4401 Har Paul Cir,Tampa,cbeb16e2-3d79-4b7a-8650-e16d6af74866,,This townhome is rent-ready and waiting for you—don’t miss out!
SOFT,stale_claim,4407 S Semoran Blvd Apt 2,Orlando,a627cf55-df24-4e1e-b996-e9ca56fd8eee,,Don't miss the opportunity to make this beautiful property your next home!
SOFT,stale_claim,446 Higher Combe Dr,Davenport,cbcae618-cf0a-4012-a116-2f09e41494ed,,This is a rare opportunity to rent a golf-front home in a premier resort community—don’t miss this one!
SOFT,stale_claim,446 Wenthrop Cir,Rockledge,d3ab5345-4192-43d6-ae99-1c87a467d026,,AVAILABLE NOW!!!
SOFT,stale_claim,4554 Shanewood Ct,Orlando,43a2e3a6-8a21-44ba-a4ae-0bd8e2208fe2,,AVAILABLE NOW!!!
SOFT,stale_claim,4554 Shanewood Ct,Orlando,43a2e3a6-8a21-44ba-a4ae-0bd8e2208fe2,,Please contact Atrium Management to schedule your tour today!
SOFT,stale_claim,46 Narcissus Dr,Debary,dbe61a3e-34e3-4d3f-8223-bf18b62d6ab1,,Don't miss the opportunity to make this updated and well-maintained house your new home!
SOFT,stale_claim,4670 Elena Way,Melbourne,45bec5c6-2a64-46c9-bc7f-856ce62fdc3b,,AVAILABLE NOW!!!
SOFT,stale_claim,4698 Tribute Trl,Kissimmee,38c10438-a3f0-4724-8258-0f27bf8ad0f1,,Don't miss out on this fantastic opportunity to own a beautiful home in one of the most sought-after areas in Central Florida.
SOFT,stale_claim,4698 Tribute Trl,Kissimmee,38c10438-a3f0-4724-8258-0f27bf8ad0f1,,Schedule your tour today and discover all that this amazing community has to offer!
SOFT,stale_claim,4698 Tribute Trl,Kissimmee,38c10438-a3f0-4724-8258-0f27bf8ad0f1,,AVAILABLE NOW!!!
SOFT,stale_claim,4760 SE 30th Ct,Ocala,085da860-c9d5-40ee-8d1e-d9b768101e65,,"- Utility Concierge Service: Simplify your move with one call to set up utility services, cable, and internet."
SOFT,stale_claim,4760 SE 30th Ct,Ocala,085da860-c9d5-40ee-8d1e-d9b768101e65,,Contact us today to make this charming cabin your new home.
SOFT,stale_claim,4862 S Semoran Blvd,Orlando,0d264cc9-5799-4ad1-b638-a01f9ca67fa2,,"Newly Updated 2 Bedroom 2 Bathroom Southbrooke Condominiums 2nd Floor Corner Unit, GREAT LOCATION AVAILABLE NOW!"
SOFT,stale_claim,487 Carrigan Ave,Oviedo,d9f79b1d-c93a-4dc0-bb22-303488972d5f,,AVAILABLE NOW!!
SOFT,stale_claim,5 Laurel Pass,Ocala,0182f549-bb79-43f3-b7d3-d1d25fab94d8,,This property is managed by the esteemed Atrium Management Company Call today to schedule your tour.
SOFT,stale_claim,5 Laurel Pass,Ocala,bccb2495-b81b-4be9-a93e-62d584e80fc3,,"- Utility Concierge Service: Simplify your move with one call to set up utility services, cable, and internet."
SOFT,stale_claim,5 Laurel Pass,Ocala,bccb2495-b81b-4be9-a93e-62d584e80fc3,,Call today to schedule your tour!
SOFT,stale_claim,5026 Falmouth Dr,Orlando,0f25cf73-0b52-4208-bb15-8f44b20b2502,,Don't miss out on the opportunity to make this house your home!
SOFT,stale_claim,5026 Falmouth Dr,Orlando,0f25cf73-0b52-4208-bb15-8f44b20b2502,,Apply TODAY and have your application fee waived for a move in date of March 14th or SOONER!
SOFT,stale_claim,5119 Ferncrest Dr,Winter Park,c1c2fc31-5d40-444c-a210-4ca223779844,,Don't miss the opportunity to make this charming house your new home!
SOFT,stale_claim,517 San Juan Blvd,Orlando,4384d34d-042a-44ac-b057-f673054987e5,,AVAILABLE NOW!!
SOFT,stale_claim,527 Cidermill Place,Lake Mary,3ede45a7-09ba-4c27-81fb-b495c08a83ae,,Don't miss out – this exceptional residence will be available starting May 10th!
SOFT,stale_claim,5314 Kempston Dr,Orlando,52d1f0cb-ac81-4831-91b3-57570b656a2a,,Don’t miss this exceptional opportunity—schedule your private viewing today!
SOFT,stale_claim,5325 Curry Ford Rd Unit B201,Orlando,1a7bd754-f67d-4ee4-bb35-9b9ae5cf7905,,AVAILABLE NOW!
SOFT,stale_claim,536 Sunrise Dr,Orlando,71fe2aa9-899d-40d2-a251-1df5e4313f97,,Newly Built 1-Bedroom Lake Como rental with Luxury Finishes – Available Now!
SOFT,stale_claim,536 Sunrise Dr,Orlando,71fe2aa9-899d-40d2-a251-1df5e4313f97,,"Welcome to your beautifully built 1-bedroom, 1-bathroom home, available now!"
SOFT,stale_claim,536 Sunrise Dr,Orlando,71fe2aa9-899d-40d2-a251-1df5e4313f97,,Don’t miss out on this move-in-ready gem!
SOFT,stale_claim,536 Sunrise Dr,Orlando,71fe2aa9-899d-40d2-a251-1df5e4313f97,,Don't miss out on this incredible opportunity to make this house your forever home.
SOFT,stale_claim,536 Sunrise Dr,Orlando,71fe2aa9-899d-40d2-a251-1df5e4313f97,,AVAILABLE NOW!!
SOFT,stale_claim,5403 Loma Vista Loop,Davenport,4a836f48-5738-45d4-acce-a900b36d6430,,"Don't miss the opportunity to enjoy comfort, convenience, and exceptional value all in one place!"
SOFT,stale_claim,5420 Tessin Trl,Saint Cloud,0829539d-6f04-46c5-9e59-4bf99945fb8e,,Don’t miss the opportunity to make 5420 Tessin Trl your next home.
SOFT,stale_claim,5512 Metrowest Blvd,Orlando,ea9477c0-9d25-4a12-89fd-a44776a60ab9,,Bright 1-Bedroom Condo with Pool View at Palms Club – Available Now!
SOFT,stale_claim,5512 Metrowest Blvd,Orlando,ea9477c0-9d25-4a12-89fd-a44776a60ab9,,AVAILABLE NOW!
SOFT,stale_claim,5516 Decatur Street,Orlando,cf377548-fd2e-4a1a-a6cc-d33400e97b1f,,AVAILABLE NOW!
SOFT,stale_claim,5550 E Michigan St Unit 2330,Orlando,f3c88f1d-5aed-4794-bb82-cbed907d0e83,,Don't miss out on this fantastic opportunity to live in a prime location with great amenities at your fingertips.
SOFT,stale_claim,5550 E Michigan St Unit 2330,Orlando,f3c88f1d-5aed-4794-bb82-cbed907d0e83,,AVAILABLE NOW!!!
SOFT,stale_claim,5550 E Michigan St Unit 2330,Orlando,f3c88f1d-5aed-4794-bb82-cbed907d0e83,,Contact us TODAY to schedule a tour!!!
SOFT,stale_claim,5558 Maggiore Blvd,Lakeland,76c6cf6f-e015-45c9-912f-c808572d1a18,,Don’t miss your chance to call this Bridgewater beauty home — schedule your private tour today and experience the best of Lakeland living!
SOFT,stale_claim,5558 Maggiore Blvd,Lakeland,76c6cf6f-e015-45c9-912f-c808572d1a18,,Homes in this community go fast — don’t wait!
SOFT,stale_claim,561 Birgham Pl,Lake Mary,382b68dd-8875-452a-89d3-776c23eff2ba,,Don't miss the opportunity to make this your own personal haven in the heart of Lake Mary.
SOFT,stale_claim,561 Birgham Pl,Lake Mary,382b68dd-8875-452a-89d3-776c23eff2ba,,Call today to schedule your personal viewing!
SOFT,stale_claim,561 Birgham Pl,Lake Mary,382b68dd-8875-452a-89d3-776c23eff2ba,,Contact us today to schedule a viewing and experience the luxury and comfort this property has to offer.
SOFT,stale_claim,584 Piazza Point,Oviedo,5c75f093-06de-4d2f-8927-000deff3d00a,,Beautiful Home for Rent in Prime Oviedo Location – AVAILABLE NOW!
SOFT,stale_claim,590 Pinebranch Circle,Winter Springs,7856ded3-bf63-4cb9-92a4-3e839f28213e,,This end-unit gem is a must-see and won’t last long!
SOFT,stale_claim,6010 Village Circle,Orlando,fcc8551d-643e-40ff-b1ce-c23e4d74651e,,AVAILABLE NOW.
SOFT,stale_claim,602 Bloomingdale Dr,Davenport,b2275941-1240-49b0-a311-6540cbd90f7f,,Don't miss out on the opportunity to make this house your new home.
SOFT,stale_claim,602 Bloomingdale Dr,Davenport,b2275941-1240-49b0-a311-6540cbd90f7f,,Contact us today to schedule a viewing!
SOFT,stale_claim,6031 Bimini Twist Loop,Orlando,8633f2a0-6b57-41f3-b959-a02c20515690,,Schedule your private tour today and fall in love with lakeside living at its finest.
SOFT,stale_claim,608 S Lincoln Ave,Tampa,887ff2ff-aa08-497a-83df-1424ac0225d8,,Don't miss your chance to call this stunning home yours – schedule your showing today!
SOFT,stale_claim,611 Casa Park Court I,Winter Springs,dd5e3212-7656-4d5b-ac93-42f719d11008,,AVAILABLE NOW!!!
SOFT,stale_claim,611 E. Amelia Street,Orlando,e1d0304d-4dae-4914-9027-e86096ea2479,,Don’t miss your chance to call this stunning apartment your home!
SOFT,stale_claim,611 E. Amelia Street,Orlando,e1d0304d-4dae-4914-9027-e86096ea2479,,Contact us today to schedule a viewing and experience the charm and luxury of Lake Eola Heights living!
SOFT,stale_claim,611 E. Amelia Street,Orlando,bdb3dcbd-5349-471f-830f-43124639cc4d,,Don’t miss your chance to call this stunning apartment your home!
SOFT,stale_claim,611 E. Amelia Street,Orlando,bdb3dcbd-5349-471f-830f-43124639cc4d,,Contact us today to schedule a viewing and experience the charm and luxury of Lake Eola Heights living!
SOFT,stale_claim,6124 Curry Ford Rd. #250,Orlando,8294e2a4-caab-490d-a34a-17f40bfc9483,,AVAILABLE NOW!!
SOFT,stale_claim,6153 Metrowest Blvd,Orlando,4c033d18-87ee-490d-be7b-53f024e1f527,,AVAILABLE NOW!!!!!!!!!!
SOFT,stale_claim,616 Iris St,Altamonte Springs,0c7ddeb7-9ebd-4bc6-b954-fddff69b3cb7,,AVAILABLE NOW!
SOFT,stale_claim,6262 Yorktown Dr #177,Orlando,a6114d54-5738-47ad-b7fc-3e605e0bacc6,,AVAILABLE NOW!!!
SOFT,stale_claim,6262 Yorktown Dr #177,Orlando,a6114d54-5738-47ad-b7fc-3e605e0bacc6,,Don’t miss your chance to make this gem your new home!
SOFT,stale_claim,630 Kenwick APT 102 Cir,Casselberry,525c56cf-eae2-4d12-9c7e-8fdfd984cac1,,Don’t miss the opportunity to make this stylish Casselberry retreat your own.
SOFT,stale_claim,630 Linda Ct,Palm Harbor,865c4f45-98b7-42c0-80e9-22c6c2ff66bf,,Don’t miss out on this incredible opportunity to own a home in one of Palm Harbor’s most desirable neighborhoods!
SOFT,stale_claim,630 Linda Ct,Palm Harbor,865c4f45-98b7-42c0-80e9-22c6c2ff66bf,,Schedule your showing today.
SOFT,stale_claim,6330 Plymouth Sorrento Rd,Apopka,b40f0981-b193-406f-9bf9-7f9fb72c60ca,,Don't Miss Out!!
SOFT,stale_claim,6344 Kearce St,Orlando,74275a82-39c7-4a5b-97bc-053a8367265a,,Charming 3 Bedroom 2 Bathroom w/Attached Garage AVAILABLE IMMEDIATELY!!
SOFT,stale_claim,642 Desmoines Ct,Poinciana,94745487-bc27-492e-83ae-8488dff92d79,,Schedule your private tour today!
SOFT,stale_claim,647 Allerton Way,Sanford,2ab608f0-866a-40cb-9c42-6ad408c9c1cb,,AVAILABLE NOW!
SOFT,stale_claim,"6530 Swissco Dr, #1122",Orlando,f6f7564f-91ba-4e04-9906-6c3318ee2bc8,,"AVAILABLE TODAY, but won't last long!!!"
SOFT,stale_claim,6585 Great Bear Drive,Lakeland,57ecf9d7-350a-4f37-b935-7eb3982f6b38,,"Don't miss out on this opportunity to live in a beautiful home in Lakeland, FL."
SOFT,stale_claim,6585 Great Bear Drive,Lakeland,57ecf9d7-350a-4f37-b935-7eb3982f6b38,,Contact us today to schedule a tour and see all that this house has to offer.
SOFT,stale_claim,6592 Great Bear Dr,Lakeland,35a786b1-9940-4972-994a-1abe9c55d1cb,,"Don't miss out on this opportunity to live in a beautiful home in Lakeland, FL."
SOFT,stale_claim,6592 Great Bear Dr,Lakeland,35a786b1-9940-4972-994a-1abe9c55d1cb,,Contact us today to schedule a tour and see all that this house has to offer.
SOFT,stale_claim,663 Red Wing Dr.,Lake Mary,450a92de-ed54-417b-8f3a-ea6ad6282c89,,AVAILABLE NOW!!
SOFT,stale_claim,6634 Duncaster St,Windermere,54e582a2-b61f-42db-b770-3f061894f7fe,,AVAILABLE NOW!!!
SOFT,stale_claim,6875 Broglie St,Orlando,7417b59e-112f-4263-8a3b-60b66218dcf5,,AVAILABLE NOW!!
SOFT,stale_claim,7010 Arcadian Ct,Mount Dora,f4f39652-68cd-40dd-bd58-b30a721ed007,,"3 Bedroom 2 Bath home for rent in Country Club of Mount Dora, a Golf Course Community AVAILABLE NOW!"
SOFT,stale_claim,7106 - 7108 S Kissimme St.,Tampa,75c4d63f-75af-4359-a9ff-f3f75372f51a,,2 Bed / 1 Bath – 2nd Floor Apartment Available Now!
SOFT,stale_claim,7106 - 7108 S Kissimme St.,Tampa,75c4d63f-75af-4359-a9ff-f3f75372f51a,,Call today to ask about current incentives!
SOFT,stale_claim,72 Las Brisas Way,Kissimmee,9b05cbcf-f65c-4822-8325-e6d08d96e961,,AVAILABLE NOW!!!
SOFT,stale_claim,720 Buena Vista St,Lakeland,dae4c2fc-156d-4635-9461-136c90da3f46,,Don't miss out on this wonderful opportunity to make this house your new home.
SOFT,stale_claim,724 Yager Ln,The Villages,297d3e3a-365e-4beb-b501-a7f5f5572919,,"3-bedroom, 2-bathroom unfurnished home in The Villages **AVAILABLE NOW**"
SOFT,stale_claim,724 Yager Ln,The Villages,297d3e3a-365e-4beb-b501-a7f5f5572919,,Hurry and schedule a tour today and make this your new home sweet home!
SOFT,stale_claim,724 Yager Ln,The Villages,297d3e3a-365e-4beb-b501-a7f5f5572919,,Hurry and schedule a tour today and make this your new home sweet home!
SOFT,stale_claim,731 W Canton Ave,Winter Park,26a6f8a7-367f-4dcd-a5ea-ba649e376f83,,"Don't miss the opportunity to make this meticulously maintained bungalow your new home, where comfort, convenience, and tranquility come together seamlessly."
SOFT,stale_claim,731 W Canton Ave,Winter Park,26a6f8a7-367f-4dcd-a5ea-ba649e376f83,,Don't miss the opportunity to experience the pinnacle of Winter Park living!
SOFT,stale_claim,73rd Ave,Saint Petersburg,9083954a-7690-4356-99eb-783c81869eb9,,Schedule a tour today and make this tropical oasis your new home sweet home!
SOFT,stale_claim,7457 Ibis Dr,Lakeland,604427d6-e9f0-471f-9d54-2f9616afe385,,Don’t miss this opportunity to live in one of Lakeland’s most desirable neighborhoods!
SOFT,stale_claim,7468 Aprelle Dr,Sanford,2efaa0bb-fcf4-43a1-b639-f1786cb62b53,,Don't miss your opportunity to own this incredible home—schedule your private showing today!
SOFT,stale_claim,7468 Aprelle Dr,Sanford,2efaa0bb-fcf4-43a1-b639-f1786cb62b53,,AVAILABLE NOW!!
SOFT,stale_claim,7510 Blossom Ave,Tampa,b7efc007-d2f3-4d44-882e-2b2265fb55bf,,Don't miss your opportunity to own this exceptional property.
SOFT,stale_claim,7510 Blossom Ave,Tampa,b7efc007-d2f3-4d44-882e-2b2265fb55bf,,"Schedule a showing today and prepare to be amazed by the endless possibilities that await you in this remarkable 3-bedroom, 2-bathroom home."
SOFT,stale_claim,7619 Simms Ave,Orlando,fce04623-a1b8-4a60-bfad-1aeb4b0a8498,,AVAILABLE NOW!!!
SOFT,stale_claim,765 Hendrix Ave,Orlando,39e6c519-a3fb-4dc5-a09e-6b97de039daf,,Don't miss your chance to experience the epitome of contemporary living in this exquisite new construction home.
SOFT,stale_claim,765 Hendrix Ave,Orlando,39e6c519-a3fb-4dc5-a09e-6b97de039daf,,Schedule your viewing today and prepare to fall in love with your new lifestyle!
SOFT,stale_claim,769 Star Magnolia Dr,Kissimmee,5fee5d5f-e1c3-45a6-b971-49c64ed4c0d0,,Apply Today!
SOFT,stale_claim,769 Star Magnolia Dr,Kissimmee,5fee5d5f-e1c3-45a6-b971-49c64ed4c0d0,,**BONUS AMENITY INCLUDED** A portion of Tenant's total amount due will be used to have HVAC filters delivered to their home approximately every 60 days under the Utility & Maintenance Reduction Program.**AVAILABLE NOW – 
SOFT,stale_claim,7705 N Branch Ave,Tampa,73d7670f-9611-4077-bea8-90344ef20471,,Don't miss your chance to own a piece of Seminole Heights charm.
SOFT,stale_claim,7705 N Branch Ave,Tampa,73d7670f-9611-4077-bea8-90344ef20471,,Schedule your private showing today and experience the best of urban living in this inviting townhome oasis.
SOFT,stale_claim,804 E. 8th Street,Sanford,f175f6fb-0f0b-4f75-bd0f-698daabf4f2b,,Adorable 3 Bed 2 Bath Sanford Home Available IMMEDIATELY!
SOFT,stale_claim,804 E. 8th Street,Sanford,f175f6fb-0f0b-4f75-bd0f-698daabf4f2b,,Call today to schedule your personal viewing!
SOFT,stale_claim,818 Eddy St,Lakeland,f339a52f-81db-4b08-a55a-9e5a84ec2411,,Don't miss out on the opportunity to make this lovely Lakeland home yours!
SOFT,stale_claim,8191 Mosaic Ln,Winter Garden,187b2b7e-1723-4061-8e8f-a2a8f82a7358,,AVAILABLE NOW!!
SOFT,stale_claim,8203-22 Sun Spring Circle,Orlando,10e0a886-ece6-407d-b8b1-0520cd85e6ef,,AVAILABLE NOW!!!
SOFT,stale_claim,8203-62 Sun Spring Circle,Orlando,c6d29cee-c8a9-4cc5-9fe4-03972ccc72d9,,"Homes in this area move quickly, so don’t miss your opportunity to make this charming condo your next home."
SOFT,stale_claim,8205-31 Sun Spring Circle,Orlando,6651a170-28c5-4455-ae22-560c7c30b018,,Please call for your private showing!!!
SOFT,stale_claim,8205-31 Sun Spring Circle,Orlando,6651a170-28c5-4455-ae22-560c7c30b018,,AVAILABLE NOW!!
SOFT,stale_claim,8211-71 Sun Spring Circle,Orlando,0432d10c-807e-4dfd-a583-0b85a4cf412c,,AVAILABLE NOW!!
SOFT,stale_claim,8215-61 Sun Spring Circle,Orlando,b1f7cace-edf9-46aa-9036-c83d9e01575f,,AVAILABLE Now!!
SOFT,stale_claim,824 Wood Briar Loop,Sanford,b08902fd-59f9-4d01-9a31-b648d222b1a5,,Schedule a tour today and discover your perfect home.
SOFT,stale_claim,824 Wood Briar Loop,Sanford,b08902fd-59f9-4d01-9a31-b648d222b1a5,,AVAILABLE  NOW!!!
SOFT,stale_claim,825 Bartlet Ln,The Villages,0207d053-c1b7-49b5-8e71-1a4080c24aa6,,Don't miss out on this fantastic opportunity to make this house a home.
SOFT,stale_claim,825 Bartlet Ln,The Villages,0207d053-c1b7-49b5-8e71-1a4080c24aa6,,Schedule a visit today!
SOFT,stale_claim,825 Bartlet Ln,The Villages,0207d053-c1b7-49b5-8e71-1a4080c24aa6,,AVAILABLE NOW!
SOFT,stale_claim,829 Camargo Way,Altamonte Springs,48a67e1e-bf83-4c50-a2da-f585bdee3372,,Apply today!
SOFT,stale_claim,829 Camargo Way,Altamonte Springs,48a67e1e-bf83-4c50-a2da-f585bdee3372,,Live the lifestyle you deserve—schedule your tour today!
SOFT,stale_claim,829 Camargo Way,Altamonte Springs,48a67e1e-bf83-4c50-a2da-f585bdee3372,,DON'T MISS OUT on this opportunity to make this condo your new home!
SOFT,stale_claim,835 Dupont Street NE,Palm Bay,ec28fd42-de44-4836-8271-bbea9e856db4,,Schedule your tour today and envision the potential that awaits!
SOFT,stale_claim,8400 Pippen Dr,Orlando,afa86428-41d9-4664-8658-770b8cfbdb91,,Schedule your private tour today—this rare Dr.
SOFT,stale_claim,8400 Pippen Dr,Orlando,afa86428-41d9-4664-8658-770b8cfbdb91,,Phillips gem won't last!
SOFT,stale_claim,841 Seminole Avenue,Longwood,f1487f36-a3fa-4f45-8668-3d2ddb3aaa0f,,***Newly Renovated 5 Bedroom 2 Bath Home Available Now***
SOFT,stale_claim,841 Seminole Avenue,Longwood,f1487f36-a3fa-4f45-8668-3d2ddb3aaa0f,,***Newly Renovated 5 Bedroom 2 Bath Home Available Now***
SOFT,stale_claim,841 Seminole Avenue,Longwood,f1487f36-a3fa-4f45-8668-3d2ddb3aaa0f,,AVAILABLE NOW!!!!
SOFT,stale_claim,8454 Sperry St,Orlando,a21385d6-f9cb-4cb1-be84-1c06cdce692a,,AVAILABLE NOW!!
SOFT,stale_claim,8503 N Semmes St Unit B,Tampa,503741ed-3ca9-49a2-8fee-1a1c4b50522d,,Don't miss your chance to live in a centrally located Tampa gem – schedule your tour today!
SOFT,stale_claim,851 Carver Street,Winter Park,5f9bdb08-dc90-4cf0-986a-ae73c9d7b7ec,,Don't miss this opportunity to make this wonderful Winter Park home yours.
SOFT,stale_claim,851 Carver Street,Winter Park,5f9bdb08-dc90-4cf0-986a-ae73c9d7b7ec,,Contact us today to schedule a showing!
SOFT,stale_claim,857 Desert Mountain Ct,Kissimmee,f09cf117-1dc5-4517-ad92-ae6fd1bc522c,,Apply today!
SOFT,stale_claim,87 N. Central Avenue,Umatilla,0103a1ec-6b08-4ac6-847d-00d38c6717d0,,"Call now to schedule a tour and secure your 1 Bedroom/1 Bathroom apartment at Towne View Apartments in Umatilla, FL."
SOFT,stale_claim,870 Farrington Drive,Deltona,1b2cbbfc-a479-4926-8f76-67c15ee611d8,,AVAILABLE NOW!!
SOFT,stale_claim,887 Fraser Dr,Kissimmee,5aee1400-472d-46ce-b5d5-c5c3194b7f2e,,Tranquil 3 Bedroom  2.5 Bath Rural Retreat AVAILABLE NOW!!!
SOFT,stale_claim,887 Fraser Dr,Kissimmee,5aee1400-472d-46ce-b5d5-c5c3194b7f2e,,Don't miss out on the chance to make this tranquil retreat your own.
SOFT,stale_claim,887 Fraser Dr,Kissimmee,5aee1400-472d-46ce-b5d5-c5c3194b7f2e,,Schedule a showing today and experience the peaceful lifestyle that awaits you in this charming home.
SOFT,stale_claim,8940 Azalea Sands Ln,Davenport,5941ef93-4d5e-4eef-9031-de1635cc09ed,,AVAILABLE NOW.
SOFT,stale_claim,8940 Azalea Sands Ln,Davenport,5941ef93-4d5e-4eef-9031-de1635cc09ed,,"Schedule Your Tour Today Experience luxury living in a secure, guard-gated community."
SOFT,stale_claim,8940 Azalea Sands Ln,Davenport,5941ef93-4d5e-4eef-9031-de1635cc09ed,,Don't miss out on this premier golf-front rental—contact us today to schedule a private viewing and secure your place at Champions Club!
SOFT,stale_claim,903 Charo Pkwy Unit 836,Davenport,42af0650-4859-4262-adf6-c0804dcc4744,,Don’t miss your opportunity to call it home!
SOFT,stale_claim,903 Charo Pkwy Unit 836,Davenport,42af0650-4859-4262-adf6-c0804dcc4744,,Schedule a showing now!
SOFT,stale_claim,9100 Martin Luther King St N Unit 606,Saint Petersburg,5e84ed23-4027-4061-9552-e7c34522b7a4,,Schedule your tour today and envision yourself living in this wonderful condo!
SOFT,stale_claim,911 N Orange Avenue APT 112,Orlando,e83c8e5f-b0c5-4ba3-90a5-ffa3d90827d4,,AVAILABLE NOW!!!
SOFT,stale_claim,912 Covington Ct,Rockledge,9433cead-bce6-4b6a-abd7-379b34495bdd,,Don't miss out on this fantastic opportunity to make this house your new home!
SOFT,stale_claim,913 New Bedford Drive,Deland,a80777c0-4edd-4695-ab10-45102dd2bd78,,"Call today to schedule a viewing, virtual tours available as well."
SOFT,stale_claim,9137 Grand Island Way,Winter Garden,6cc60408-c803-4cc2-9447-e57fd38e607a,,3-bedroom 2-bath home in the heart of Winter Garden AVAILABLE NOW!!
SOFT,stale_claim,9137 Grand Island Way,Winter Garden,6cc60408-c803-4cc2-9447-e57fd38e607a,,AVAILABLE NOW!
SOFT,stale_claim,915 Pine Street,Titusville,12dfa3c3-61e1-4d8b-8544-c20fecfa33a5,,AVAILABLE NOW!!!
SOFT,stale_claim,935 Shriver Cir,Lake Mary,0c0f7538-3a02-491f-90fd-8b374b253b1c,,AVAILABLE NOW!!
SOFT,stale_claim,952-12 Courtyard Lane,Orlando,ad8d2395-6d18-4fca-8a2b-e332b44ccdc1,,AVAILABLE NOW!!
SOFT,stale_claim,963 Glen Abbey Circle,Winter Springs,61264225-f204-4c79-84e7-e4588a6940cc,,AVAILABLE IMMEDIATELY!!!
SOFT,stale_claim,Aston Square Apartments,Kissimmee,ae5f5865-6ca1-467d-9aa6-c510a37485cd,,Contact us today to schedule a tour and make this exceptional residence your new home.
SOFT,stale_claim,Aston Square Apartments,Kissimmee,4fcea9d3-4934-4f15-963e-0d8d3843b504,,Contact us today to join our tour waitlist!
SOFT,stale_claim,Aston Square Apartments,Kissimmee,2d92ddd2-0069-4b31-b843-97091f5a9926,,Contact us today to join our tour!
SOFT,stale_claim,Aston Square Apartments,Kissimmee,9e22597f-ca53-490d-a270-9b930d3e4f25,,Contact us today to schedule a tour and make it yours!
SOFT,stale_claim,Aston Square Apartments,Kissimmee,11b7a46d-5dd7-4fa8-acad-a4fd997bcf4e,,Don’t miss your chance to call this exceptional apartment home.
SOFT,stale_claim,Aston Square Apartments,Kissimmee,11b7a46d-5dd7-4fa8-acad-a4fd997bcf4e,,Contact us today to schedule a tour!rtop
SOFT,stale_claim,Aston Square Apartments,Kissimmee,d1567e9c-4dc9-4ec6-a642-0f132dca5d3c,,We look forward to welcoming you—contact us today to join our tour waitlist!
SOFT,stale_claim,Aston Square Apartments,Kissimmee,9bef899e-1a71-42f2-af39-3a6d909c333c,,Contact us today to schedule a tour and secure your new home!
SOFT,stale_claim,Aston Square Apartments,Kissimmee,d462c59c-caed-4ea6-93fc-be6d19730a24,,Don’t miss the opportunity to experience luxury living at its finest in this stunning apartment community.
SOFT,stale_claim,Aston Square Apartments,Kissimmee,d462c59c-caed-4ea6-93fc-be6d19730a24,,Contact us today to schedule a tour and secure your new home!
SOFT,stale_claim,Aston Square Apartments,Kissimmee,dcd012bf-5def-45b4-8284-db3f83b6d277,,Don’t miss the opportunity to experience luxury living at its finest in this exceptional carriage home.
SOFT,stale_claim,Aston Square Apartments,Kissimmee,dcd012bf-5def-45b4-8284-db3f83b6d277,,Contact us today to schedule a tour!
SOFT,stale_claim,Aston Square Apartments,Kissimmee,e159cf67-1ba0-4f81-af8b-394c3361a767,,Don’t miss the chance to make this stunning carriage home your new residence.
SOFT,stale_claim,Aston Square Apartments,Kissimmee,e159cf67-1ba0-4f81-af8b-394c3361a767,,Contact us today to schedule a tour!
SOFT,stale_claim,Avenues of Baldwin Park,Orlando,f67beb9f-be49-4947-910d-cc35e511b6b8,,Schedule your tour today!
SOFT,stale_claim,Avenues of Baldwin Park,Orlando,f67beb9f-be49-4947-910d-cc35e511b6b8,,Rental Terms Application Fee: $95 Admin Fee $250 Available Now Pet Policy Cats allowed Dogs allowed Amenities pool Valet Trash Soccer Field Clubhouse Lake View High Speed Internet 24 Hour Fitness Center Community Grill b
SOFT,stale_claim,Avenues of Baldwin Park,Orlando,bd52e4e3-9141-4e50-aa0e-edef20f35243,,Rental Terms Admin Fee: $250 Application Fee: $95 Available Now Pet Policy Cats allowed Dogs allowed Amenities Valet Trash Clubhouse Outdoor deck High Speed Internet 24 Hour Fitness Center Community Grill basketball cour
SOFT,stale_claim,Avenues of Baldwin Park,Orlando,16337770-02b1-48e3-8aa8-644b9f858acf,,Rental Terms Admin Fee: $250 Application Fee: $95 Available Now Pet Policy Cats allowed Dogs allowed Amenities pool Valet Trash Soccer Field Community Clubhouse Outdoor deck High Speed Internet 24 Hour Fitness Center Pet
SOFT,stale_claim,Avenues of Baldwin Park,Orlando,cafe0a37-ded5-4728-a623-9e5a89d6b257,,Schedule your tour today!
SOFT,stale_claim,Avenues of Baldwin Park,Orlando,cafe0a37-ded5-4728-a623-9e5a89d6b257,,Rental Terms Admin Fee: $250 Application Fee: $95 Available Now Pet Policy Cats allowed Dogs allowed Amenities Valet Trash Soccer Field Clubhouse High Speed Internet Pet Friendly Dog park Basketball court Playground Comm
SOFT,stale_claim,Barna Apartments,Titusville,0c8ce6c0-bba8-457d-8921-4ff1aaafd438,,AVAILABLE NOW!
SOFT,stale_claim,Beach Flats,Tampa,d1c91cf2-402c-4827-8e05-c37ecf5fed19,,Schedule a private tour today to find your fit.
SOFT,stale_claim,Beach Flats,Tampa,167b45df-a29e-48ff-b7fd-df8bcc4aaae7,,Schedule a private tour today to see this two-bedroom home.
SOFT,stale_claim,Beach Flats,Tampa,38df859e-5868-435a-90df-825ee8044b4d,,Schedule a private tour today to see this two-bedroom home.
SOFT,stale_claim,Bear Creek Apts (New),Bartow,238c5961-a6f0-429b-a7c8-dad37dfad65b,,"So don’t miss out, schedule your tour today!"
SOFT,stale_claim,CIRC5,Melbourne,b33dafdd-f2fc-49e9-8788-bbb7988c212d,,AVAILABLE NOW!!
SOFT,stale_claim,Carriage House,Deland,346fe0b4-2f3c-4a91-ae34-f0b351612295,,"Schedule Your Tour Today Spacious, renovated units in this prime location move quickly."
SOFT,stale_claim,Case Residences,Tampa,e4dbb607-38fa-4f41-9120-da891019a594,,Schedule a private tour today to see this Palma Ceia home.
SOFT,stale_claim,Case Residences,Tampa,c2642698-3800-47d5-b5aa-5c25473caaa3,,Schedule a private tour today to see this two-bedroom home.
SOFT,stale_claim,Champions Village,Kissimmee,c2566f88-f68f-4355-9adf-0080fc4d8a93,,Schedule a tour today!
SOFT,stale_claim,Champions Village,Kissimmee,c3e99e98-6885-4d84-9009-ab840b64c11d,,Schedule a tour today!
SOFT,stale_claim,Champions Village,Kissimmee,2170466b-173c-4e48-a45a-bf3f689b4f62,,Schedule a tour today!
SOFT,stale_claim,Champions Village,Kissimmee,2170466b-173c-4e48-a45a-bf3f689b4f62,,Please call for more information.
SOFT,stale_claim,Champions Village,Kissimmee,647eb5c8-b68e-47a8-b744-9791208c86c1,,Schedule a tour today!
SOFT,stale_claim,Coral Gables @ Bellview,Belleview,2cb4ba16-24dc-4acd-8eea-4d873d9bf0a1,,Schedule a tour today and discover the perfect place to call home.
SOFT,stale_claim,Cranes Landing Apartments,Winter Park,91dba0e7-6355-4830-aca9-53436dd7a976,,Schedule a tour today and discover why Cranes Landing Apartments is the perfect place to call home.
SOFT,stale_claim,Cranes Landing Apartments,Winter Park,964a6bfa-3c7f-4bcd-8082-14ad443e3e2a,,Schedule a tour today and discover why Cranes Landing Apartments is the perfect place to call home.
SOFT,stale_claim,Cranes Landing Apartments,Winter Park,3e1f9be4-733e-4b06-82b8-8c76434e4383,,Schedule a tour today and discover why Cranes Landing Apartments is the perfect place to call home.
SOFT,stale_claim,Cranes Landing Apartments,Winter Park,1c91fb9f-a665-4ee7-9f3e-d6a40fdc84af,,Schedule a tour today and discover why Cranes Landing Apartments is the perfect place to call home.
SOFT,stale_claim,Cranes Landing Apartments,Winter Park,f37053c3-1a9a-41ed-b3f7-395969cea0e7,,Schedule a tour today and discover why Cranes Landing Apartments is the perfect place to call home.
SOFT,stale_claim,Cranes Landing Apartments,Winter Park,029afab1-9176-416b-8f70-77147b1ebd90,,Schedule a tour today and discover why Cranes Landing Apartments is the perfect place to call home.
SOFT,stale_claim,Crossings at Conway,Orlando,b259bf95-3b8c-4bef-8288-79fba1c27672,,Don't miss out on this competitively priced 1-bedroom condo in one of Orlando's most connected neighborhoods.
SOFT,stale_claim,Crossings at Conway,Orlando,b259bf95-3b8c-4bef-8288-79fba1c27672,,Schedule your private tour or submit your application today!
SOFT,stale_claim,Cutshaw Apartments,Richmond,f9fcf3f4-b233-41d8-a788-a7954ae3fe0b,,Newly renovated 2 bedroom 2 bathroom - Available IMMEDIATELY!
SOFT,stale_claim,Cutshaw Apartments,Richmond,f9fcf3f4-b233-41d8-a788-a7954ae3fe0b,,Don't wait - come see why this is the perfect place for you to call home in downtown Richmond!
SOFT,stale_claim,Dharma Apartments,Orlando,228a09e9-7463-4059-b4c2-c8477b62a381,,AVAILABLE NOW!!!!
SOFT,stale_claim,E Grant Ave,Orlando,ca07b30c-69f9-42c4-ac92-701e09f16530,,Don’t miss the opportunity to make this conveniently located home yours!
SOFT,stale_claim,E Grant Ave,Orlando,6158a665-7b37-4ff0-bd14-3c0810413df6,,Don't miss out on this Hourglass District opportunity.
SOFT,stale_claim,E Grant Ave,Orlando,6158a665-7b37-4ff0-bd14-3c0810413df6,,Contact us today to schedule your private tour!
SOFT,stale_claim,EPIN2423-2431,Orlando,9748c1e1-22ba-44e9-bb57-904d53f7fc94,,AVAILABLE NOW!!!
SOFT,stale_claim,EPIN2437-2471,Orlando,e648f666-d3f8-4118-b673-f7b4a79f763a,,AVAILABLE NOW — don’t miss this opportunity to live in one of Orlando’s hottest neighborhoods!
SOFT,stale_claim,Eastwood,Clearwater,6b43b7ef-c25f-43ce-80d5-8c148e842d5e,,AVAILABLE NOW!
SOFT,stale_claim,GEOR1527,Orlando,26961f94-abad-41bd-a2c3-5f1b02fbd959,,Schedule Your Private Showing
SOFT,stale_claim,GEOR1527,Orlando,26961f94-abad-41bd-a2c3-5f1b02fbd959,,"This is a must-see apartment in Orlando, FL that won’t last long."
SOFT,stale_claim,Hammocks off Newberry,Gainesville,53795371-c65d-45cd-a304-6984cdf57987,,Call today for details and to book your personal tour of the community and talk about the exciting renovations that are being completed at the property!
SOFT,stale_claim,Hammocks off Newberry,Gainesville,80a4c41c-e683-438b-b806-ce10f6fd5923,,Call today for details and to book your personal tour of the community and talk about the exciting renovations that are being completed at the property!
SOFT,stale_claim,Hammocks off Newberry,Gainesville,8fe92da3-a5f9-4fd8-bc7f-e1e0782268b9,,AVAILABLE NOW!!!
SOFT,stale_claim,Hammocks off Newberry,Gainesville,8fe92da3-a5f9-4fd8-bc7f-e1e0782268b9,,Call today for details and to book your personal tour of the community and talk about the exciting renovations that are being completed at the property!
SOFT,stale_claim,Harwood,Orlando,248eda02-ada8-432b-ac29-467e66127e9e,,Schedule a viewing today and see how this little hideaway can be your gateway to big-city adventures!
SOFT,stale_claim,Harwood,Orlando,9e62d5bb-deac-4175-a1e7-0d124b49eab7,,Don’t miss the opportunity to make this apartment your new home sweet home!
SOFT,stale_claim,Harwood,Orlando,a6b2b1ca-9d16-4968-a389-b649203be0a8,,Schedule your private tour today—this rare find won’t last long!
SOFT,stale_claim,JUAN6710,Tampa,931dc873-867b-4bd2-90e5-6f988e53525e,,Don’t miss the opportunity to live in one of Tampa’s best neighborhoods!
SOFT,stale_claim,LOFTY APARTMENTS,Richmond,83d4c3dd-e603-49db-b6db-f83bd6b42cc6,,Contact us today to schedule a tour and see why our residents love calling this place home.
SOFT,stale_claim,LOFTY APARTMENTS,Richmond,a01e1c10-6496-47b9-bc64-8d8abec09dc5,,Don't wait - come see why this is the perfect place for you to call home in downtown Richmond!
SOFT,stale_claim,LOFTY APARTMENTS,Richmond,8fb6bb39-5553-4146-b5b7-900cd3d2e140,,"Don't miss out on the opportunity to enjoy the luxury of hardwood floors, stainless steel appliances, granite countertops, and the convenience of an in-unit washer and dryer."
SOFT,stale_claim,LOFTY APARTMENTS,Richmond,8fb6bb39-5553-4146-b5b7-900cd3d2e140,,"Contact us today to schedule a tour and discover your new home at Lofty Apartments in Richmond, VA."
SOFT,stale_claim,LOFTY APARTMENTS,Richmond,0324aa98-0c93-4a66-a6b6-7a26874d7d03,,Don't miss out on the opportunity to call Lofty Apartments your new home!
SOFT,stale_claim,Lake Tyler Manor,Orlando,32726d42-fda3-456a-8eeb-902ce61f64f5,,AVAILABLE NOW!!!!
SOFT,stale_claim,Lake Tyler Manor,Orlando,32726d42-fda3-456a-8eeb-902ce61f64f5,,Schedule a showing today!
SOFT,stale_claim,Lake Tyler Manor,Orlando,d34368da-d24b-4cda-b42e-7ef2fb9eeef2,,Available Now – Schedule Your Tour Today!
SOFT,stale_claim,Lake Tyler Manor,Orlando,d34368da-d24b-4cda-b42e-7ef2fb9eeef2,,Contact us today to schedule your private showing!
SOFT,stale_claim,Lake Tyler Manor,Orlando,e8dd91ab-0415-485b-872e-40b2e781daee,,Contact us today to schedule your private tour of Lake Tyler Manor and claim your month of free rent!
SOFT,stale_claim,Lake Tyler Manor,Orlando,1851fb04-c772-414d-aaed-88b914f01b81,,Schedule a showing today!
SOFT,stale_claim,Marina Villas,Tampa,117a5d4a-06d9-4793-b19a-baa3b3871b99,,AVAILABLE NOW!
SOFT,stale_claim,Marina Villas,Tampa,dc296b0e-b8ef-4acd-83d8-5c9effcb9ddf,,AVAILABLE NOW!!
SOFT,stale_claim,Marina Villas,Tampa,a85dcc53-1059-4a46-a4af-d788e1320e9f,,Don't miss out on the chance to call this remarkable residence your home.
SOFT,stale_claim,Millie Gardens,Gainesville,d1c62f3e-43ff-475c-a1a0-23ba11e9e73c,,SPECIAL OFFER: Apply now and receive a $500 gift certificate!
SOFT,stale_claim,Millie Gardens,Gainesville,d1c62f3e-43ff-475c-a1a0-23ba11e9e73c,,Don’t miss this limited-time
SOFT,stale_claim,Millie Gardens,Gainesville,d1c62f3e-43ff-475c-a1a0-23ba11e9e73c,,"Spacious 2-Bedroom, 1-Bathroom Home Available Now!"
SOFT,stale_claim,Millie Gardens,Gainesville,d1c62f3e-43ff-475c-a1a0-23ba11e9e73c,,Schedule a viewing today!
SOFT,stale_claim,Mirabella Apartments,Gainesville,404fb76e-b5da-4060-ba4b-c4fdd9c46967,,AVAILABLE IMMEDIATELY!
SOFT,stale_claim,Mirabella Apartments,Gainesville,aaac487a-843a-4217-8e6c-b9590af076e9,,AVAILABLE IMMEDIATELY!
SOFT,stale_claim,Mirabella Apartments,Gainesville,bc16e6ed-0b6f-4bc3-b4e7-99d6e55dc33d,,AVAILABLE IMMEDIATELY!!!
SOFT,stale_claim,Mirabella Apartments,Gainesville,dbacd078-a1f2-4ced-acf4-22244278c20c,,AVAILABLE IMMEDIATELY!!!
SOFT,stale_claim,Mirabella Apartments,Gainesville,98bd6d52-fd9f-477f-b58d-de4b4ffb4ef4,,AVAILABLE IMMEDIATELY!!!
SOFT,stale_claim,Napiers Cir.,Orlando,90791133-34e0-4cf8-891a-bbc587b60f09,,Don’t miss out on this chance to secure a home in a prime location without breaking the bank.
SOFT,stale_claim,Napiers Cir.,Orlando,90791133-34e0-4cf8-891a-bbc587b60f09,,Contact us today to schedule a viewing!
SOFT,stale_claim,North Pointe Place,Orlando,22f526a9-7495-4697-93ec-73f963681a92,,Don't miss out on this prime rental opportunity.
SOFT,stale_claim,North Pointe Place,Orlando,22f526a9-7495-4697-93ec-73f963681a92,,Contact us today to schedule a private viewing and see why North Pointe Place is the perfect place to call home.
SOFT,stale_claim,North Pointe Place,Orlando,671e2b28-4f5b-40ec-96c2-ce8ab8ec4aa3,,Contact our leasing team today to schedule a private viewing and secure your spot in this one-of-a-kind Orlando residence.
SOFT,stale_claim,North Pointe Place,Orlando,f2e69426-808f-41ad-9960-4d0a4d5cb61d,,Available Now: Professionally prepped and completely rent-ready today.
SOFT,stale_claim,North Pointe Place,Orlando,f2e69426-808f-41ad-9960-4d0a4d5cb61d,,Don’t miss your chance to secure this beautifully appointed 2-bedroom apartment in Orlando.
SOFT,stale_claim,North Pointe Place,Orlando,f2e69426-808f-41ad-9960-4d0a4d5cb61d,,Contact us today to schedule your private tour or submit your application to make Unit 313 at North Pointe Place your new home.
SOFT,stale_claim,Oasis at San Marco,Jacksonville,b095ebe5-c9cc-45a1-86ba-c9f4b12ac66e,,Schedule your tour today — your new home awaits!
SOFT,stale_claim,Oasis at San Marco,Jacksonville,1ae84ec3-75e7-47d9-9093-2713f91b698b,,Schedule your tour today — your new home awaits!
SOFT,stale_claim,Oasis at San Marco,Jacksonville,8e12690a-36eb-488d-95ef-0e293894451a,,Schedule your tour today — your new home awaits!
SOFT,stale_claim,Oasis at San Marco,Jacksonville,1bfb0a88-5786-4a27-a139-1688971c1fa2,,Schedule your tour today — your new home awaits!
SOFT,stale_claim,Renaissance at Strawberry Creek Apartments,Jacksonville,2eac2429-47c5-4192-9a88-7f5d5414a3d2,,"With comfortable living spaces and a community designed to feel like home, this opportunity won’t last long, reach out today before it’s gone!"
SOFT,stale_claim,Renaissance at Strawberry Creek Apartments,Jacksonville,2eac2429-47c5-4192-9a88-7f5d5414a3d2,,Schedule your tour today and see why you’ll love calling our community home!
SOFT,stale_claim,Renaissance at Strawberry Creek Apartments,Jacksonville,b122e57e-6d41-4fcb-940a-472b99bdd2c3,,Don’t miss your chance to call Renaissance at Strawberry Creek home—schedule a tour today!
SOFT,stale_claim,Renaissance at Strawberry Creek Apartments,Jacksonville,09217a98-708a-4392-9bed-e172c1a27606,,"With comfortable living spaces and a community designed to feel like home, this opportunity won’t last long, reach out today before it’s gone!"
SOFT,stale_claim,Renaissance at Strawberry Creek Apartments,Jacksonville,09217a98-708a-4392-9bed-e172c1a27606,,Schedule your tour today and see why you’ll love calling our community home!
SOFT,stale_claim,Renaissance at Strawberry Creek Apartments,Jacksonville,36982cf6-d56f-49d6-86d9-e56b30d6f571,,"With comfortable living spaces and a community designed to feel like home, this opportunity won’t last long, reach out today before it’s gone!"
SOFT,stale_claim,Renaissance at Strawberry Creek Apartments,Jacksonville,36982cf6-d56f-49d6-86d9-e56b30d6f571,,Schedule your tour today and see why you’ll love calling our community home!
SOFT,stale_claim,Renaissance at Strawberry Creek Apartments,Jacksonville,3f3d7ae1-b2ba-4a10-8c2a-c644d9eb73aa,,"With comfortable living spaces and a community designed to feel like home, this opportunity won’t last long, reach out today before it’s gone!"
SOFT,stale_claim,Renaissance at Strawberry Creek Apartments,Jacksonville,3f3d7ae1-b2ba-4a10-8c2a-c644d9eb73aa,,Schedule your tour today and see why you’ll love calling our community home!
SOFT,stale_claim,Reserve at Lake Irene,Casselberry,a844b6ca-e648-4388-80c3-2fb8d7aa5ed2,,Contact us today to schedule your personalized tour and find your new home!
SOFT,stale_claim,Reserve at Lake Irene,Casselberry,e5dbbe75-9d5c-4866-b285-33373fd0eeff,,Contact us today to schedule your personalized tour and find your new home!
SOFT,stale_claim,Reserve at Lake Irene,Casselberry,1fe58630-8b1e-4667-b556-7c2f1724ad9b,,Contact us today to schedule your personalized tour and find your new home!
SOFT,stale_claim,San Leon,Sanford,31da9ae1-042e-412b-b2a9-41116e73bd50,,AVAILABLE NOW!!!!!!!!
SOFT,stale_claim,San Leon,Sanford,31da9ae1-042e-412b-b2a9-41116e73bd50,,"Don't miss out on your opportunity to call one of these apartments your home, and now, renters can save BIG on our newest  * Rent includes water via monthly fee*"
SOFT,stale_claim,San Leon,Sanford,31da9ae1-042e-412b-b2a9-41116e73bd50,,Schedule your showing now and APPLY ONLINE
SOFT,stale_claim,San Leon,Sanford,52892a1c-cdf4-4274-8410-e570dea94787,,"Don't miss out on your opportunity to call one of these apartments your home, and now, renters can save BIG on our newest  *Rent includes Water*"
SOFT,stale_claim,San Leon,Sanford,52892a1c-cdf4-4274-8410-e570dea94787,,Schedule your showing now and APPLY ONLINE
SOFT,stale_claim,San Leon,Sanford,39d2bf6a-1bcd-496d-a24c-ed46d309dd11,,Don't miss out on your opportunity to call one of these apartments your home.
SOFT,stale_claim,San Leon,Sanford,39d2bf6a-1bcd-496d-a24c-ed46d309dd11,,Schedule your showing now and APPLY ONLINE
SOFT,stale_claim,San Leon,Sanford,0df7e9a6-85cb-4ce6-9fcf-3cc6021a0324,,"Don't miss out on your opportunity to call one of these apartments your home, now."
SOFT,stale_claim,San Leon,Sanford,da92d6f8-dd2c-4d08-8bb8-17c5bc057e0b,,"Don't miss out on this fantastic opportunity to experience comfortable and secure living in Sanford, FL."
SOFT,stale_claim,San Leon,Sanford,da92d6f8-dd2c-4d08-8bb8-17c5bc057e0b,,Contact us today to schedule a tour and make this apartment your new home.
SOFT,stale_claim,San Leon,Sanford,1e238f8b-10be-4777-966d-963346e0a0a0,,Don't miss out on your opportunity to call one of these apartments your home NOW.
SOFT,stale_claim,San Leon,Sanford,1e238f8b-10be-4777-966d-963346e0a0a0,,Schedule your showing now and APPLY ONLINE
SOFT,stale_claim,San Leon,Sanford,ccdf3346-4372-4cc2-a070-3352f1cf1215,,"Don't miss out on your opportunity to call one of these apartments your home, and now."
SOFT,stale_claim,San Leon,Sanford,ccdf3346-4372-4cc2-a070-3352f1cf1215,,Schedule your showing now and APPLY ONLINE
SOFT,stale_claim,Seminole Ave,Tampa,92da2faa-b27e-4795-8abc-1211a9f45b91,,Contact us today to learn more or schedule a tour!!
SOFT,stale_claim,Seminole Ave,Tampa,fcdf6263-0c6a-470a-be32-405f8f7d653d,,AVAILABLE NOW!
SOFT,stale_claim,Smith & Main,Winter Garden,19864ec0-254e-4eea-9aee-c65203f9d827,,Contact us today to schedule your private tour!
SOFT,stale_claim,Smith & Main,Winter Garden,9bcc4591-e8d5-452c-90af-336a75790291,,Contact us today to schedule your private tour!
SOFT,stale_claim,Smith & Main,Winter Garden,031443a7-8ea6-4492-bc78-d0a61f62e6bf,,Contact us today to schedule your private tour!
SOFT,stale_claim,Smith & Main,Winter Garden,fc822995-fe12-476a-8052-8ac0f49dc085,,Contact us today to schedule your private tour!
SOFT,stale_claim,Smith & Main,Winter Garden,f6ad1157-bd8b-4505-8419-678667dfdf36,,Contact us today to schedule your private tour!
SOFT,stale_claim,Stetson Apartments,Deland,f39d9242-0155-48ec-b3b4-19d621492f18,,Don't miss this limited-time offer to start fresh in your new home without paying rent your first month!
SOFT,stale_claim,Stetson Apartments,Deland,7f53f9c7-a442-40ee-9e13-a54490ca571b,,Don't miss the opportunity to make this charming apartment your new home.
SOFT,stale_claim,Stetson Apartments,Deland,7f53f9c7-a442-40ee-9e13-a54490ca571b,,Contact us today to schedule a tour and experience the perfect blend of historic elegance and modern living in the heart of DeLand.
SOFT,stale_claim,Stetson Apartments,Deland,cbf55946-2fab-4b32-9798-b1fd18caf3c5,,Don't miss out on this rare opportunity to live in a piece of DeLand's history.
SOFT,stale_claim,Stetson Apartments,Deland,cbf55946-2fab-4b32-9798-b1fd18caf3c5,,Contact us today to schedule a viewing and make Stetson Apartments your new home!
SOFT,stale_claim,The Carl,Orlando,11c9f93a-a559-43c1-b967-3242f6e6ef29,,Schedule Your Private Tour Today!
SOFT,stale_claim,The Hammocks by Butler,Gainesville,4f5b8816-3340-43d7-8388-4a4a3b7add29,,AVAILABLE NOW!
SOFT,stale_claim,The Hammocks by Butler,Gainesville,c306955d-fe7e-4d35-8391-7339a5531eda,,AVAILABLE NOW!
SOFT,stale_claim,The Hammocks on 34th,Gainesville,7afda2e8-8b01-418c-a0bd-9cd23e08c447,,AVAILABLE NOW!
SOFT,stale_claim,The Jeffersonian,Charlottesville,a624a6f7-8520-46bd-8bda-d57b9dde698d,,"View our current availability, apply online today, or call us to schedule a personal walkthrough of this exceptional floor plan!"
SOFT,stale_claim,The Jeffersonian,Charlottesville,f26888a4-bf7b-4545-b4ab-43325da501d3,,"View our current availability, apply online today, or call us to schedule a personal walkthrough of this exceptional floor plan!"
SOFT,stale_claim,The Jeffersonian,Charlottesville,b4177d35-2bb5-4079-8fea-c67d7ea2cc26,,"View our current availability, apply online today, or call us to schedule a personal walkthrough of this exceptional floor plan!"
SOFT,stale_claim,The Jeffersonian,Charlottesville,cc465740-3ee4-4b76-88ef-06ed14997f4d,,"View our current availability, apply online today, or call us to schedule a personal walkthrough of this exceptional floor plan!"
SOFT,stale_claim,The Jeffersonian,Charlottesville,f24c9a04-7b6b-4afe-a619-be38ef640232,,"View our current availability, apply online today, or call us to schedule a personal walkthrough of this exceptional floor plan!"
SOFT,stale_claim,The Lofts at Concord,Orlando,2e0f539c-b819-48a3-878f-c237aa827b1e,,"Don’t miss your chance to call this exclusive enclave home—where history, comfort, and location converge in perfect harmony."
SOFT,stale_claim,The Roberson,Orlando,b2e3ab97-f92c-4c09-a9be-591a86f4dcc6,,Don’t miss the opportunity to make this coveted address your new home.
SOFT,stale_claim,The Roberson,Orlando,b2e3ab97-f92c-4c09-a9be-591a86f4dcc6,,Schedule a tour today and experience the perfect blend of past and present at College Park Villas.
SOFT,stale_claim,The Roberson,Orlando,3a928e57-6664-49e4-82bb-5c0c2592c7a2,,Don’t miss the opportunity to make this coveted address your new home.
SOFT,stale_claim,The Roberson,Orlando,3a928e57-6664-49e4-82bb-5c0c2592c7a2,,Schedule a tour today and experience the perfect blend of past and present at College Park Villas.
SOFT,stale_claim,The Roberson,Orlando,56c60764-7b61-4fe8-b5ab-6273b613e2bf,,Schedule your tour today and discover why College Park remains one of Orlando's most sought-after places to live.
SOFT,stale_claim,The Roberson,Orlando,0f639369-643e-4271-97fc-ccc49a139c1e,,Don’t miss this opportunity to own a beautifully updated home in a prime location!
SOFT,stale_claim,The William at Westshore,Tampa,4ae3b6e8-9863-44b2-893f-2eb72136631a,,Schedule a private tour today to see this efficient home in person.
SOFT,stale_claim,The William at Westshore,Tampa,a09af91e-a02e-4d2b-b534-084ce604ca20,,Schedule a private tour today to experience it for yourself.
SOFT,stale_claim,Timber Pointe Apartments,Macon,4d54fe54-0966-4c0e-9308-6dc3a7ab62f7,,1 bedroom/1bath AVAILABLE NOW!
SOFT,stale_claim,Timber Pointe Apartments,Macon,e710532e-e732-46c8-a91b-f69e276650fd,,2bed/1bath - AVAILABLE NOW!
SOFT,stale_claim,WMUR61,Orlando,23d8bdc1-f9c0-465e-86c2-9eb5cc2b6e89,,AVAILABLE NOW!
SOFT,stale_claim,Westshore Flats I,Tampa,50712ca4-75f9-4034-9694-76616fa00458,,Schedule a private tour today to choose your finish level.
SOFT,stale_claim,Westshore Marina Flats,Tampa,26eb9080-8542-4bc6-8fa4-2b889ee52b9c,,Schedule a private tour today to choose your finish level.
SOFT,stale_claim,Woodland Heights Apartments,Lakeland,1ba84890-e31f-4ca0-aecf-93ef1ac0546b,,Don't miss your opportunity to make Woodland Heights your new home!
SOFT,stale_claim,Woodland Heights Apartments,Lakeland,1ba84890-e31f-4ca0-aecf-93ef1ac0546b,,Don't miss your opportunity to make Woodland Heights your new home!
SOFT,stale_claim,Woodland Heights Apartments,Lakeland,09b140e0-1707-415c-8f5a-2853580c804a,,Don't miss your opportunity to make Woodland Heights your new home!
SOFT,stale_claim,Woodland Heights Apartments,Lakeland,09b140e0-1707-415c-8f5a-2853580c804a,,Don't miss your opportunity to make Woodland Heights your new home!
SOFT,url,1010 S Miramar Ave,Indialantic,dd020c0c-18e4-4827-a7f8-776178f84f7a,,Application fees are per adult and applications must be filled out on our site at www.atriummanagement.com $95.00 Application Fee (Non-Refundable) per adult.
SOFT,url,1010 S Miramar Ave,Indialantic,dd020c0c-18e4-4827-a7f8-776178f84f7a,,"Pet screenings, affidavits, and/or applications are located online at https://app.petscreening.com/"
SOFT,url,1280 Katrina Course,Palm Bay,0f1dbde0-203d-40da-92ed-4050a17e09e8,,Apply here: https://atrium.petscreening.com/
SOFT,url,1387 Hampton Park Lane,Melbourne,c8161378-5553-4953-98ab-72456d0b7a48,,Application fees are per adult and applications must be filled out on our site at www.atriummanagement.com $95.00 Application Fee (Non-Refundable) per adult.
SOFT,url,14 South Court,Indialantic Beach,27265edd-a220-4428-8417-2528f019bfac,,Application fees are per adult and applications must be filled out on our site at www.atriummanagement.com $95.00 Application Fee (Non-Refundable) per adult.
SOFT,url,14 South Court,Indialantic Beach,27265edd-a220-4428-8417-2528f019bfac,,"Pet screenings, affidavits, and/or applications are located online at https://atrium.petscreening.com/"
SOFT,url,1420 MALIBU CIRCLE NE,Palm Bay,ecdd86f9-a61e-414c-8bf4-627152aad8e2,,https://atrium.petscreening.com/.
SOFT,url,1505 N Highway A1A #604,Indialantic,50a9926e-d4b6-4675-95d6-077a704209f4,,"Pet screenings, affidavits, and/or applications are located online at https://atrium.petscreening.com/"
SOFT,url,1670 N HIGHWAY A1A,Indialantic,49a00e1f-b38c-4e5b-8b25-a6061f7795ac,,Application fees are per adult and applications must be filled out on our site at www.atriummanagement.com $95.00 Application Fee (Non-Refundable) per adult.
SOFT,url,1670 N HIGHWAY A1A,Indialantic,49a00e1f-b38c-4e5b-8b25-a6061f7795ac,,"Pet screenings, affidavits, and/or applications are located online at https://atrium.petscreening.com/"
SOFT,url,21 North Court,Indialantic,5cf88540-8b03-4892-b437-e79bfdb8dc20,,"Pet screenings, affidavits, and/or applications are located online at https://atrium.petscreening.com/"
SOFT,url,269 San Paulo Ct,West Melbourne,a1d039b5-79bf-4996-a821-a729bcd11887,,https://atrium.petscreening.com/
SOFT,url,295 Greenway Ave NE,Palm Bay,dd893acb-16f6-466a-aca5-2d24160f70a5,,"Pet screenings, affidavits, and/or applications are located online at https://app.petscreening.com/"
SOFT,url,3505 Tabitha Court,Melbourne,1df78712-3714-4bd8-9753-d4bf5e41dd19,,"Pet screenings, affidavits, and/or applications are located online at https://atrium.petscreening.com/"
SOFT,url,4006 Wilkes Dr,Melbourne,ba060832-2252-4478-bc6d-6b60051f2512,,Application fees are 95.00  per adult and applications must be filled out on our site at www.atriummanagement.com  $ 95.00 Application Fee (Non-Refundable) per adult.
SOFT,url,4006 Wilkes Dr,Melbourne,ba060832-2252-4478-bc6d-6b60051f2512,,"Pet screenings, affidavits, and/or applications are located online at https://atrium.petscreening.com/ Some photos have been digitally enhanced using AI for lighting and clarity only."
SOFT,url,446 Wenthrop Cir,Rockledge,d3ab5345-4192-43d6-ae99-1c87a467d026,,Application fees are per adult and applications must be filled out on our site at www.atriummanagement.com $95.00 Application Fee (Non-Refundable) per adult.
SOFT,url,446 Wenthrop Cir,Rockledge,d3ab5345-4192-43d6-ae99-1c87a467d026,,"Pet screenings, affidavits, and/or applications are located online at https://atrium.petscreening.com/"
SOFT,url,4670 Elena Way,Melbourne,45bec5c6-2a64-46c9-bc7f-856ce62fdc3b,,Application fees are per adult and applications must be filled out on our site at www.atriummanagement.com $95.00 Application Fee (Non-Refundable) per adult.
SOFT,url,4670 Elena Way,Melbourne,45bec5c6-2a64-46c9-bc7f-856ce62fdc3b,,"Pet screenings, affidavits, and/or applications are located online at https://atrium.petscreening.com/"
SOFT,url,835 Dupont Street NE,Palm Bay,ec28fd42-de44-4836-8271-bbea9e856db4,,https://atrium.petscreening.com/
SOFT,url,912 Covington Ct,Rockledge,9433cead-bce6-4b6a-abd7-379b34495bdd,,https://atrium.petscreening.com/
SOFT,url,915 Pine Street,Titusville,12dfa3c3-61e1-4d8b-8544-c20fecfa33a5,,Application fees are per adult and applications must be filled out on our site at www.atriummanagement.com $95.00 Application Fee (Non-Refundable) per adult.
SOFT,url,915 Pine Street,Titusville,12dfa3c3-61e1-4d8b-8544-c20fecfa33a5,,"Pet screenings, affidavits, and/or applications are located online at https://app.petscreening.com"
SOFT,url,919 Pine Street,Titusville,b103ddf5-010b-46b5-a6cc-83f784a53592,,https://atrium.petscreening.com/
SOFT,url,Barna Apartments,Titusville,0c8ce6c0-bba8-457d-8921-4ff1aaafd438,,Pet screening required: https://atrium.petscreening.com/
SOFT,url,CIRC5,Melbourne,b33dafdd-f2fc-49e9-8788-bbb7988c212d,,https://atrium.petscreening.com/
SOFT,url,Janie B Apartments,Tampa,f812226b-f1c1-494e-b888-93cce0d2217b,,Virtual tour below https://my.matterport.com/show/?m=FaJ26idcmdo
SOFT,url,Janie B Apartments,Tampa,16709393-475a-47b5-a932-c731b9c4b725,,ONLINE TOUR BELOW https://my.matterport.com/show/?m=qTRsPGvdXTd
